BEGIN;

-- ============================================================================
-- BẢNG: DanhMucLop
-- ============================================================================
INSERT INTO "DanhMucLop" ("MaLop", "TenLop", "Khoi", "NamHoc", "BaseScore") VALUES (1, '10A', 10, '2025-2026', 100) ON CONFLICT DO NOTHING;
INSERT INTO "DanhMucLop" ("MaLop", "TenLop", "Khoi", "NamHoc", "BaseScore") VALUES (2, '10B', 10, '2025-2026', 100) ON CONFLICT DO NOTHING;
INSERT INTO "DanhMucLop" ("MaLop", "TenLop", "Khoi", "NamHoc", "BaseScore") VALUES (3, '10C', 10, '2025-2026', 100) ON CONFLICT DO NOTHING;
INSERT INTO "DanhMucLop" ("MaLop", "TenLop", "Khoi", "NamHoc", "BaseScore") VALUES (4, '10D', 10, '2025-2026', 100) ON CONFLICT DO NOTHING;
INSERT INTO "DanhMucLop" ("MaLop", "TenLop", "Khoi", "NamHoc", "BaseScore") VALUES (5, '11A', 11, '2025-2026', 100) ON CONFLICT DO NOTHING;
INSERT INTO "DanhMucLop" ("MaLop", "TenLop", "Khoi", "NamHoc", "BaseScore") VALUES (6, '11B', 11, '2025-2026', 100) ON CONFLICT DO NOTHING;
INSERT INTO "DanhMucLop" ("MaLop", "TenLop", "Khoi", "NamHoc", "BaseScore") VALUES (7, '11C', 11, '2025-2026', 100) ON CONFLICT DO NOTHING;
INSERT INTO "DanhMucLop" ("MaLop", "TenLop", "Khoi", "NamHoc", "BaseScore") VALUES (8, '11D', 11, '2025-2026', 100) ON CONFLICT DO NOTHING;
INSERT INTO "DanhMucLop" ("MaLop", "TenLop", "Khoi", "NamHoc", "BaseScore") VALUES (9, '12A', 12, '2025-2026', 100) ON CONFLICT DO NOTHING;
INSERT INTO "DanhMucLop" ("MaLop", "TenLop", "Khoi", "NamHoc", "BaseScore") VALUES (10, '12B', 12, '2025-2026', 100) ON CONFLICT DO NOTHING;
INSERT INTO "DanhMucLop" ("MaLop", "TenLop", "Khoi", "NamHoc", "BaseScore") VALUES (11, '12C', 12, '2025-2026', 100) ON CONFLICT DO NOTHING;
INSERT INTO "DanhMucLop" ("MaLop", "TenLop", "Khoi", "NamHoc", "BaseScore") VALUES (12, '12D', 12, '2025-2026', 100) ON CONFLICT DO NOTHING;
INSERT INTO "DanhMucLop" ("MaLop", "TenLop", "Khoi", "NamHoc", "BaseScore") VALUES (13, '12E', 12, '2025-2026', 100) ON CONFLICT DO NOTHING;

-- ============================================================================
-- BẢNG: DanhMucTuan
-- ============================================================================
INSERT INTO "DanhMucTuan" ("MaTuan", "TenTuan", "NgayBatDau", "NgayKetThuc") VALUES (1, 'Tuần 1', '2025-09-01', '2025-09-06') ON CONFLICT DO NOTHING;
INSERT INTO "DanhMucTuan" ("MaTuan", "TenTuan", "NgayBatDau", "NgayKetThuc") VALUES (2, 'Tuần 2', '2025-09-08', '2025-09-13') ON CONFLICT DO NOTHING;
INSERT INTO "DanhMucTuan" ("MaTuan", "TenTuan", "NgayBatDau", "NgayKetThuc") VALUES (3, 'Tuần 3', '2025-09-15', '2025-09-20') ON CONFLICT DO NOTHING;

-- ============================================================================
-- BẢNG: QuyDinhThiDua
-- ============================================================================
INSERT INTO "QuyDinhThiDua" ("MaTieuChi", "NoiDung", "Loai", "DiemChuyenDoi", "DonViTinh") VALUES (1, 'Tập trung thứ 2 (Theo buổi)', 'TRU', 10, '/buổi') ON CONFLICT DO NOTHING;
INSERT INTO "QuyDinhThiDua" ("MaTieuChi", "NoiDung", "Loai", "DiemChuyenDoi", "DonViTinh") VALUES (2, 'Tập trung thứ 2 (Theo học sinh)', 'TRU', 2, '/HS') ON CONFLICT DO NOTHING;
INSERT INTO "QuyDinhThiDua" ("MaTieuChi", "NoiDung", "Loai", "DiemChuyenDoi", "DonViTinh") VALUES (3, 'Thể dục giữa giờ (Theo lớp)', 'TRU', 10, '/lớp') ON CONFLICT DO NOTHING;
INSERT INTO "QuyDinhThiDua" ("MaTieuChi", "NoiDung", "Loai", "DiemChuyenDoi", "DonViTinh") VALUES (4, 'Đồng phục, áo Đoàn', 'TRU', 3, '/HS') ON CONFLICT DO NOTHING;
INSERT INTO "QuyDinhThiDua" ("MaTieuChi", "NoiDung", "Loai", "DiemChuyenDoi", "DonViTinh") VALUES (5, 'Đi học muộn, vào lớp muộn', 'TRU', 5, '/HS') ON CONFLICT DO NOTHING;
INSERT INTO "QuyDinhThiDua" ("MaTieuChi", "NoiDung", "Loai", "DiemChuyenDoi", "DonViTinh") VALUES (6, 'Vệ sinh lớp, khu vực', 'TRU', 10, '/buổi') ON CONFLICT DO NOTHING;
INSERT INTO "QuyDinhThiDua" ("MaTieuChi", "NoiDung", "Loai", "DiemChuyenDoi", "DonViTinh") VALUES (7, 'Sinh hoạt 15'' (Không sinh hoạt)', 'TRU', 10, '/buổi') ON CONFLICT DO NOTHING;
INSERT INTO "QuyDinhThiDua" ("MaTieuChi", "NoiDung", "Loai", "DiemChuyenDoi", "DonViTinh") VALUES (8, 'Sinh hoạt 15'' (Theo học sinh làm ồn)', 'TRU', 3, '/HS') ON CONFLICT DO NOTHING;
INSERT INTO "QuyDinhThiDua" ("MaTieuChi", "NoiDung", "Loai", "DiemChuyenDoi", "DonViTinh") VALUES (9, 'Hành vi: Hút thuốc', 'TRU', 20, '/HS') ON CONFLICT DO NOTHING;
INSERT INTO "QuyDinhThiDua" ("MaTieuChi", "NoiDung", "Loai", "DiemChuyenDoi", "DonViTinh") VALUES (10, 'Hành vi: Nói tục, chửi bậy', 'TRU', 20, '/HS') ON CONFLICT DO NOTHING;
INSERT INTO "QuyDinhThiDua" ("MaTieuChi", "NoiDung", "Loai", "DiemChuyenDoi", "DonViTinh") VALUES (11, 'Hành vi: Đánh nhau, trộm cắp, phá tài sản', 'TRU', 50, '/HS') ON CONFLICT DO NOTHING;
INSERT INTO "QuyDinhThiDua" ("MaTieuChi", "NoiDung", "Loai", "DiemChuyenDoi", "DonViTinh") VALUES (12, 'Hành vi: Vô lễ với giáo viên', 'TRU', 50, '/HS') ON CONFLICT DO NOTHING;
INSERT INTO "QuyDinhThiDua" ("MaTieuChi", "NoiDung", "Loai", "DiemChuyenDoi", "DonViTinh") VALUES (13, 'Thiếu đồ dùng học tập', 'TRU', 2, '/HS') ON CONFLICT DO NOTHING;
INSERT INTO "QuyDinhThiDua" ("MaTieuChi", "NoiDung", "Loai", "DiemChuyenDoi", "DonViTinh") VALUES (14, 'Không đội mũ bảo hiểm', 'TRU', 5, '/HS') ON CONFLICT DO NOTHING;
INSERT INTO "QuyDinhThiDua" ("MaTieuChi", "NoiDung", "Loai", "DiemChuyenDoi", "DonViTinh") VALUES (15, 'Nghỉ học không phép (KP)', 'TRU', 5, '/HS/buổi') ON CONFLICT DO NOTHING;
INSERT INTO "QuyDinhThiDua" ("MaTieuChi", "NoiDung", "Loai", "DiemChuyenDoi", "DonViTinh") VALUES (16, 'Nghỉ học có phép', 'TRU', 2, '/HS/buổi') ON CONFLICT DO NOTHING;
INSERT INTO "QuyDinhThiDua" ("MaTieuChi", "NoiDung", "Loai", "DiemChuyenDoi", "DonViTinh") VALUES (17, 'Bỏ tiết, sử dụng điện thoại trong giờ', 'TRU', 10, '/HS/tiết') ON CONFLICT DO NOTHING;
INSERT INTO "QuyDinhThiDua" ("MaTieuChi", "NoiDung", "Loai", "DiemChuyenDoi", "DonViTinh") VALUES (18, 'Không chuẩn bị bài ở nhà (Theo lớp)', 'TRU', 30, '/lớp') ON CONFLICT DO NOTHING;
INSERT INTO "QuyDinhThiDua" ("MaTieuChi", "NoiDung", "Loai", "DiemChuyenDoi", "DonViTinh") VALUES (19, 'Không chuẩn bị bài ở nhà (Theo học sinh)', 'TRU', 3, '/HS') ON CONFLICT DO NOTHING;
INSERT INTO "QuyDinhThiDua" ("MaTieuChi", "NoiDung", "Loai", "DiemChuyenDoi", "DonViTinh") VALUES (20, 'Kiểm tra miệng: Kém', 'TRU', 5, '/HS') ON CONFLICT DO NOTHING;
INSERT INTO "QuyDinhThiDua" ("MaTieuChi", "NoiDung", "Loai", "DiemChuyenDoi", "DonViTinh") VALUES (21, 'Kiểm tra miệng: Yếu', 'TRU', 2, '/HS') ON CONFLICT DO NOTHING;
INSERT INTO "QuyDinhThiDua" ("MaTieuChi", "NoiDung", "Loai", "DiemChuyenDoi", "DonViTinh") VALUES (22, 'Giờ học: Yếu', 'TRU', 15, '/tiết') ON CONFLICT DO NOTHING;
INSERT INTO "QuyDinhThiDua" ("MaTieuChi", "NoiDung", "Loai", "DiemChuyenDoi", "DonViTinh") VALUES (23, 'Giờ học: Trung bình', 'TRU', 10, '/tiết') ON CONFLICT DO NOTHING;
INSERT INTO "QuyDinhThiDua" ("MaTieuChi", "NoiDung", "Loai", "DiemChuyenDoi", "DonViTinh") VALUES (24, 'Làm việc riêng (Theo lớp)', 'TRU', 30, '/lớp') ON CONFLICT DO NOTHING;
INSERT INTO "QuyDinhThiDua" ("MaTieuChi", "NoiDung", "Loai", "DiemChuyenDoi", "DonViTinh") VALUES (25, 'Làm việc riêng (Theo học sinh)', 'TRU', 3, '/HS') ON CONFLICT DO NOTHING;
INSERT INTO "QuyDinhThiDua" ("MaTieuChi", "NoiDung", "Loai", "DiemChuyenDoi", "DonViTinh") VALUES (26, 'Quy định khác: Không đeo thẻ học sinh', 'TRU', 5, '/HS') ON CONFLICT DO NOTHING;
INSERT INTO "QuyDinhThiDua" ("MaTieuChi", "NoiDung", "Loai", "DiemChuyenDoi", "DonViTinh") VALUES (27, 'Quy định khác: Đỗ xe ở cổng trường', 'TRU', 5, '/HS') ON CONFLICT DO NOTHING;
INSERT INTO "QuyDinhThiDua" ("MaTieuChi", "NoiDung", "Loai", "DiemChuyenDoi", "DonViTinh") VALUES (28, 'Quy định khác: Tự ý đổi chỗ ngồi', 'TRU', 10, '/HS/tiết') ON CONFLICT DO NOTHING;
INSERT INTO "QuyDinhThiDua" ("MaTieuChi", "NoiDung", "Loai", "DiemChuyenDoi", "DonViTinh") VALUES (29, 'Quy định khác: Ngủ gật trong giờ học', 'TRU', 3, '/HS') ON CONFLICT DO NOTHING;
INSERT INTO "QuyDinhThiDua" ("MaTieuChi", "NoiDung", "Loai", "DiemChuyenDoi", "DonViTinh") VALUES (101, 'Điểm kiểm tra miệng: Giỏi', 'CONG', 10, '/HS') ON CONFLICT DO NOTHING;
INSERT INTO "QuyDinhThiDua" ("MaTieuChi", "NoiDung", "Loai", "DiemChuyenDoi", "DonViTinh") VALUES (102, 'Điểm kiểm tra miệng: Khá', 'CONG', 3, '/HS') ON CONFLICT DO NOTHING;
INSERT INTO "QuyDinhThiDua" ("MaTieuChi", "NoiDung", "Loai", "DiemChuyenDoi", "DonViTinh") VALUES (103, 'Giờ học: Tốt', 'CONG', 5, '/tiết') ON CONFLICT DO NOTHING;
INSERT INTO "QuyDinhThiDua" ("MaTieuChi", "NoiDung", "Loai", "DiemChuyenDoi", "DonViTinh") VALUES (104, 'Giờ học: Khá', 'CONG', 2, '/tiết') ON CONFLICT DO NOTHING;
INSERT INTO "QuyDinhThiDua" ("MaTieuChi", "NoiDung", "Loai", "DiemChuyenDoi", "DonViTinh") VALUES (105, 'Đạt buổi học tốt', 'CONG', 30, '/buổi') ON CONFLICT DO NOTHING;

-- ============================================================================
-- BẢNG: DanhSachHocSinh
-- ============================================================================
INSERT INTO "DanhSachHocSinh" ("MaHocSinh", "MaLop", "HoTen", "NgaySinh", "GioiTinh") VALUES (1, 1, 'Nguyễn Văn An', '2010-02-10', 'Nam') ON CONFLICT DO NOTHING;
INSERT INTO "DanhSachHocSinh" ("MaHocSinh", "MaLop", "HoTen", "NgaySinh", "GioiTinh") VALUES (2, 1, 'Lê Thị Bình', '2010-05-17', 'Nữ') ON CONFLICT DO NOTHING;
INSERT INTO "DanhSachHocSinh" ("MaHocSinh", "MaLop", "HoTen", "NgaySinh", "GioiTinh") VALUES (3, 1, 'Trần Phương Huyền', '2010-07-11', 'Nữ') ON CONFLICT DO NOTHING;
INSERT INTO "DanhSachHocSinh" ("MaHocSinh", "MaLop", "HoTen", "NgaySinh", "GioiTinh") VALUES (4, 1, 'Phạm Quỳnh Tú', '2010-01-27', 'Nữ') ON CONFLICT DO NOTHING;
INSERT INTO "DanhSachHocSinh" ("MaHocSinh", "MaLop", "HoTen", "NgaySinh", "GioiTinh") VALUES (5, 1, 'Bùi Mai Yến', '2010-08-28', 'Nữ') ON CONFLICT DO NOTHING;
INSERT INTO "DanhSachHocSinh" ("MaHocSinh", "MaLop", "HoTen", "NgaySinh", "GioiTinh") VALUES (6, 1, 'Nguyễn Ngọc Vy', '2010-06-18', 'Nữ') ON CONFLICT DO NOTHING;
INSERT INTO "DanhSachHocSinh" ("MaHocSinh", "MaLop", "HoTen", "NgaySinh", "GioiTinh") VALUES (7, 1, 'Vũ Hồng Huyền', '2010-07-13', 'Nữ') ON CONFLICT DO NOTHING;
INSERT INTO "DanhSachHocSinh" ("MaHocSinh", "MaLop", "HoTen", "NgaySinh", "GioiTinh") VALUES (8, 1, 'Vũ Khánh Trang', '2010-01-24', 'Nữ') ON CONFLICT DO NOTHING;
INSERT INTO "DanhSachHocSinh" ("MaHocSinh", "MaLop", "HoTen", "NgaySinh", "GioiTinh") VALUES (9, 1, 'Phan Đức Hùng', '2010-05-29', 'Nam') ON CONFLICT DO NOTHING;
INSERT INTO "DanhSachHocSinh" ("MaHocSinh", "MaLop", "HoTen", "NgaySinh", "GioiTinh") VALUES (10, 1, 'Vũ Anh Liêm', '2010-02-11', 'Nam') ON CONFLICT DO NOTHING;
INSERT INTO "DanhSachHocSinh" ("MaHocSinh", "MaLop", "HoTen", "NgaySinh", "GioiTinh") VALUES (11, 1, 'Hoàng Đức Nam', '2010-02-22', 'Nam') ON CONFLICT DO NOTHING;
INSERT INTO "DanhSachHocSinh" ("MaHocSinh", "MaLop", "HoTen", "NgaySinh", "GioiTinh") VALUES (12, 1, 'Vũ Ngọc Phương', '2010-06-16', 'Nữ') ON CONFLICT DO NOTHING;
INSERT INTO "DanhSachHocSinh" ("MaHocSinh", "MaLop", "HoTen", "NgaySinh", "GioiTinh") VALUES (13, 1, 'Trần Anh Minh', '2010-09-17', 'Nam') ON CONFLICT DO NOTHING;
INSERT INTO "DanhSachHocSinh" ("MaHocSinh", "MaLop", "HoTen", "NgaySinh", "GioiTinh") VALUES (14, 1, 'Phan Hoài Hân', '2010-04-20', 'Nữ') ON CONFLICT DO NOTHING;
INSERT INTO "DanhSachHocSinh" ("MaHocSinh", "MaLop", "HoTen", "NgaySinh", "GioiTinh") VALUES (15, 1, 'Nguyễn Minh Cường', '2010-06-22', 'Nam') ON CONFLICT DO NOTHING;
INSERT INTO "DanhSachHocSinh" ("MaHocSinh", "MaLop", "HoTen", "NgaySinh", "GioiTinh") VALUES (16, 1, 'Phạm Khánh Hà', '2010-04-25', 'Nữ') ON CONFLICT DO NOTHING;
INSERT INTO "DanhSachHocSinh" ("MaHocSinh", "MaLop", "HoTen", "NgaySinh", "GioiTinh") VALUES (17, 1, 'Đỗ Ngọc Trang', '2010-03-17', 'Nữ') ON CONFLICT DO NOTHING;
INSERT INTO "DanhSachHocSinh" ("MaHocSinh", "MaLop", "HoTen", "NgaySinh", "GioiTinh") VALUES (18, 1, 'Bùi Tiến Tuấn', '2010-07-28', 'Nam') ON CONFLICT DO NOTHING;
INSERT INTO "DanhSachHocSinh" ("MaHocSinh", "MaLop", "HoTen", "NgaySinh", "GioiTinh") VALUES (19, 1, 'Phạm Ngọc Tú', '2010-08-12', 'Nữ') ON CONFLICT DO NOTHING;
INSERT INTO "DanhSachHocSinh" ("MaHocSinh", "MaLop", "HoTen", "NgaySinh", "GioiTinh") VALUES (20, 1, 'Trần Quang Minh', '2010-07-29', 'Nam') ON CONFLICT DO NOTHING;
INSERT INTO "DanhSachHocSinh" ("MaHocSinh", "MaLop", "HoTen", "NgaySinh", "GioiTinh") VALUES (21, 2, 'Trần Quốc Cường', '2010-02-22', 'Nam') ON CONFLICT DO NOTHING;
INSERT INTO "DanhSachHocSinh" ("MaHocSinh", "MaLop", "HoTen", "NgaySinh", "GioiTinh") VALUES (22, 2, 'Phạm Minh Đạt', '2010-07-29', 'Nữ') ON CONFLICT DO NOTHING;
INSERT INTO "DanhSachHocSinh" ("MaHocSinh", "MaLop", "HoTen", "NgaySinh", "GioiTinh") VALUES (23, 2, 'Bùi Tiến Hùng', '2010-01-13', 'Nam') ON CONFLICT DO NOTHING;
INSERT INTO "DanhSachHocSinh" ("MaHocSinh", "MaLop", "HoTen", "NgaySinh", "GioiTinh") VALUES (24, 2, 'Bùi Tiến Sơn', '2010-02-19', 'Nam') ON CONFLICT DO NOTHING;
INSERT INTO "DanhSachHocSinh" ("MaHocSinh", "MaLop", "HoTen", "NgaySinh", "GioiTinh") VALUES (25, 2, 'Đỗ Thị Trang', '2010-09-15', 'Nữ') ON CONFLICT DO NOTHING;
INSERT INTO "DanhSachHocSinh" ("MaHocSinh", "MaLop", "HoTen", "NgaySinh", "GioiTinh") VALUES (26, 2, 'Trần Tiến Thắng', '2010-04-14', 'Nam') ON CONFLICT DO NOTHING;
INSERT INTO "DanhSachHocSinh" ("MaHocSinh", "MaLop", "HoTen", "NgaySinh", "GioiTinh") VALUES (27, 2, 'Lê Phương Tú', '2010-01-29', 'Nữ') ON CONFLICT DO NOTHING;
INSERT INTO "DanhSachHocSinh" ("MaHocSinh", "MaLop", "HoTen", "NgaySinh", "GioiTinh") VALUES (28, 2, 'Nguyễn Hồng Phương', '2010-05-17', 'Nữ') ON CONFLICT DO NOTHING;
INSERT INTO "DanhSachHocSinh" ("MaHocSinh", "MaLop", "HoTen", "NgaySinh", "GioiTinh") VALUES (29, 2, 'Trịnh Hồng Huyền', '2010-08-12', 'Nữ') ON CONFLICT DO NOTHING;
INSERT INTO "DanhSachHocSinh" ("MaHocSinh", "MaLop", "HoTen", "NgaySinh", "GioiTinh") VALUES (30, 2, 'Bùi Quang Khải', '2010-08-27', 'Nam') ON CONFLICT DO NOTHING;
INSERT INTO "DanhSachHocSinh" ("MaHocSinh", "MaLop", "HoTen", "NgaySinh", "GioiTinh") VALUES (31, 2, 'Bùi Khánh Vy', '2010-04-27', 'Nữ') ON CONFLICT DO NOTHING;
INSERT INTO "DanhSachHocSinh" ("MaHocSinh", "MaLop", "HoTen", "NgaySinh", "GioiTinh") VALUES (32, 2, 'Phạm Tiến Việt', '2010-06-24', 'Nam') ON CONFLICT DO NOTHING;
INSERT INTO "DanhSachHocSinh" ("MaHocSinh", "MaLop", "HoTen", "NgaySinh", "GioiTinh") VALUES (33, 2, 'Đỗ Đức Nam', '2010-04-12', 'Nam') ON CONFLICT DO NOTHING;
INSERT INTO "DanhSachHocSinh" ("MaHocSinh", "MaLop", "HoTen", "NgaySinh", "GioiTinh") VALUES (34, 2, 'Trịnh Phương Yến', '2010-04-10', 'Nữ') ON CONFLICT DO NOTHING;
INSERT INTO "DanhSachHocSinh" ("MaHocSinh", "MaLop", "HoTen", "NgaySinh", "GioiTinh") VALUES (35, 2, 'Nguyễn Quỳnh Huyền', '2010-01-20', 'Nữ') ON CONFLICT DO NOTHING;
INSERT INTO "DanhSachHocSinh" ("MaHocSinh", "MaLop", "HoTen", "NgaySinh", "GioiTinh") VALUES (36, 2, 'Phạm Hoài Vân', '2010-04-27', 'Nữ') ON CONFLICT DO NOTHING;
INSERT INTO "DanhSachHocSinh" ("MaHocSinh", "MaLop", "HoTen", "NgaySinh", "GioiTinh") VALUES (37, 2, 'Trịnh Khánh Vân', '2010-04-25', 'Nữ') ON CONFLICT DO NOTHING;
INSERT INTO "DanhSachHocSinh" ("MaHocSinh", "MaLop", "HoTen", "NgaySinh", "GioiTinh") VALUES (38, 2, 'Phạm Đức Hải', '2010-07-21', 'Nam') ON CONFLICT DO NOTHING;
INSERT INTO "DanhSachHocSinh" ("MaHocSinh", "MaLop", "HoTen", "NgaySinh", "GioiTinh") VALUES (39, 2, 'Đỗ Thị Lan', '2010-01-22', 'Nữ') ON CONFLICT DO NOTHING;
INSERT INTO "DanhSachHocSinh" ("MaHocSinh", "MaLop", "HoTen", "NgaySinh", "GioiTinh") VALUES (40, 2, 'Trần Minh Liêm', '2010-04-27', 'Nam') ON CONFLICT DO NOTHING;
INSERT INTO "DanhSachHocSinh" ("MaHocSinh", "MaLop", "HoTen", "NgaySinh", "GioiTinh") VALUES (41, 3, 'Hoàng Thu Giang', '2010-08-14', 'Nam') ON CONFLICT DO NOTHING;
INSERT INTO "DanhSachHocSinh" ("MaHocSinh", "MaLop", "HoTen", "NgaySinh", "GioiTinh") VALUES (42, 3, 'Đỗ Duy Hải', '2010-07-15', 'Nữ') ON CONFLICT DO NOTHING;
INSERT INTO "DanhSachHocSinh" ("MaHocSinh", "MaLop", "HoTen", "NgaySinh", "GioiTinh") VALUES (43, 3, 'Phạm Hồng Nhi', '2010-09-13', 'Nữ') ON CONFLICT DO NOTHING;
INSERT INTO "DanhSachHocSinh" ("MaHocSinh", "MaLop", "HoTen", "NgaySinh", "GioiTinh") VALUES (44, 3, 'Bùi Thị Huyền', '2010-04-15', 'Nữ') ON CONFLICT DO NOTHING;
INSERT INTO "DanhSachHocSinh" ("MaHocSinh", "MaLop", "HoTen", "NgaySinh", "GioiTinh") VALUES (45, 3, 'Đỗ Quỳnh Thảo', '2010-01-15', 'Nữ') ON CONFLICT DO NOTHING;
INSERT INTO "DanhSachHocSinh" ("MaHocSinh", "MaLop", "HoTen", "NgaySinh", "GioiTinh") VALUES (46, 3, 'Phan Hoài Nhi', '2010-05-23', 'Nữ') ON CONFLICT DO NOTHING;
INSERT INTO "DanhSachHocSinh" ("MaHocSinh", "MaLop", "HoTen", "NgaySinh", "GioiTinh") VALUES (47, 3, 'Bùi Thành Khải', '2010-04-19', 'Nam') ON CONFLICT DO NOTHING;
INSERT INTO "DanhSachHocSinh" ("MaHocSinh", "MaLop", "HoTen", "NgaySinh", "GioiTinh") VALUES (48, 3, 'Nguyễn Khánh Hân', '2010-01-20', 'Nữ') ON CONFLICT DO NOTHING;
INSERT INTO "DanhSachHocSinh" ("MaHocSinh", "MaLop", "HoTen", "NgaySinh", "GioiTinh") VALUES (49, 3, 'Trịnh Cát Tú', '2010-09-15', 'Nữ') ON CONFLICT DO NOTHING;
INSERT INTO "DanhSachHocSinh" ("MaHocSinh", "MaLop", "HoTen", "NgaySinh", "GioiTinh") VALUES (50, 3, 'Bùi Hồng Oanh', '2010-02-28', 'Nữ') ON CONFLICT DO NOTHING;
INSERT INTO "DanhSachHocSinh" ("MaHocSinh", "MaLop", "HoTen", "NgaySinh", "GioiTinh") VALUES (51, 3, 'Phạm Mai Lan', '2010-04-28', 'Nữ') ON CONFLICT DO NOTHING;
INSERT INTO "DanhSachHocSinh" ("MaHocSinh", "MaLop", "HoTen", "NgaySinh", "GioiTinh") VALUES (52, 3, 'Trịnh Đức Anh', '2010-09-20', 'Nam') ON CONFLICT DO NOTHING;
INSERT INTO "DanhSachHocSinh" ("MaHocSinh", "MaLop", "HoTen", "NgaySinh", "GioiTinh") VALUES (53, 3, 'Phạm Hữu Nam', '2010-05-22', 'Nam') ON CONFLICT DO NOTHING;
INSERT INTO "DanhSachHocSinh" ("MaHocSinh", "MaLop", "HoTen", "NgaySinh", "GioiTinh") VALUES (54, 3, 'Hoàng Cát Hà', '2010-02-10', 'Nữ') ON CONFLICT DO NOTHING;
INSERT INTO "DanhSachHocSinh" ("MaHocSinh", "MaLop", "HoTen", "NgaySinh", "GioiTinh") VALUES (55, 3, 'Trịnh Hồng Huyền', '2010-09-16', 'Nữ') ON CONFLICT DO NOTHING;
INSERT INTO "DanhSachHocSinh" ("MaHocSinh", "MaLop", "HoTen", "NgaySinh", "GioiTinh") VALUES (56, 3, 'Lê Hữu Đạt', '2010-04-21', 'Nam') ON CONFLICT DO NOTHING;
INSERT INTO "DanhSachHocSinh" ("MaHocSinh", "MaLop", "HoTen", "NgaySinh", "GioiTinh") VALUES (57, 3, 'Đỗ Phương Linh', '2010-09-10', 'Nữ') ON CONFLICT DO NOTHING;
INSERT INTO "DanhSachHocSinh" ("MaHocSinh", "MaLop", "HoTen", "NgaySinh", "GioiTinh") VALUES (58, 3, 'Bùi Tiến Hải', '2010-03-18', 'Nam') ON CONFLICT DO NOTHING;
INSERT INTO "DanhSachHocSinh" ("MaHocSinh", "MaLop", "HoTen", "NgaySinh", "GioiTinh") VALUES (59, 3, 'Trần Phương Mai', '2010-05-19', 'Nữ') ON CONFLICT DO NOTHING;
INSERT INTO "DanhSachHocSinh" ("MaHocSinh", "MaLop", "HoTen", "NgaySinh", "GioiTinh") VALUES (60, 3, 'Vũ Minh Phúc', '2010-09-25', 'Nam') ON CONFLICT DO NOTHING;
INSERT INTO "DanhSachHocSinh" ("MaHocSinh", "MaLop", "HoTen", "NgaySinh", "GioiTinh") VALUES (61, 4, 'Vũ Khánh Huyền', '2010-05-11', 'Nam') ON CONFLICT DO NOTHING;
INSERT INTO "DanhSachHocSinh" ("MaHocSinh", "MaLop", "HoTen", "NgaySinh", "GioiTinh") VALUES (62, 4, 'Bùi Quang Khải', '2010-02-23', 'Nữ') ON CONFLICT DO NOTHING;
INSERT INTO "DanhSachHocSinh" ("MaHocSinh", "MaLop", "HoTen", "NgaySinh", "GioiTinh") VALUES (63, 4, 'Nguyễn Văn Sơn', '2010-03-18', 'Nam') ON CONFLICT DO NOTHING;
INSERT INTO "DanhSachHocSinh" ("MaHocSinh", "MaLop", "HoTen", "NgaySinh", "GioiTinh") VALUES (64, 4, 'Đỗ Phương Vy', '2010-09-10', 'Nữ') ON CONFLICT DO NOTHING;
INSERT INTO "DanhSachHocSinh" ("MaHocSinh", "MaLop", "HoTen", "NgaySinh", "GioiTinh") VALUES (65, 4, 'Lê Phương Giang', '2010-06-28', 'Nữ') ON CONFLICT DO NOTHING;
INSERT INTO "DanhSachHocSinh" ("MaHocSinh", "MaLop", "HoTen", "NgaySinh", "GioiTinh") VALUES (66, 4, 'Phan Quang Cường', '2010-05-21', 'Nam') ON CONFLICT DO NOTHING;
INSERT INTO "DanhSachHocSinh" ("MaHocSinh", "MaLop", "HoTen", "NgaySinh", "GioiTinh") VALUES (67, 4, 'Nguyễn Hữu Liêm', '2010-04-13', 'Nam') ON CONFLICT DO NOTHING;
INSERT INTO "DanhSachHocSinh" ("MaHocSinh", "MaLop", "HoTen", "NgaySinh", "GioiTinh") VALUES (68, 4, 'Bùi Mai Diệp', '2010-03-17', 'Nữ') ON CONFLICT DO NOTHING;
INSERT INTO "DanhSachHocSinh" ("MaHocSinh", "MaLop", "HoTen", "NgaySinh", "GioiTinh") VALUES (69, 4, 'Lê Xuân An', '2010-03-20', 'Nam') ON CONFLICT DO NOTHING;
INSERT INTO "DanhSachHocSinh" ("MaHocSinh", "MaLop", "HoTen", "NgaySinh", "GioiTinh") VALUES (70, 4, 'Phan Minh Phúc', '2010-03-13', 'Nam') ON CONFLICT DO NOTHING;
INSERT INTO "DanhSachHocSinh" ("MaHocSinh", "MaLop", "HoTen", "NgaySinh", "GioiTinh") VALUES (71, 4, 'Nguyễn Cát Yến', '2010-04-24', 'Nữ') ON CONFLICT DO NOTHING;
INSERT INTO "DanhSachHocSinh" ("MaHocSinh", "MaLop", "HoTen", "NgaySinh", "GioiTinh") VALUES (72, 4, 'Phạm Quỳnh Bình', '2010-04-22', 'Nữ') ON CONFLICT DO NOTHING;
INSERT INTO "DanhSachHocSinh" ("MaHocSinh", "MaLop", "HoTen", "NgaySinh", "GioiTinh") VALUES (73, 4, 'Trần Hoài Phương', '2010-09-22', 'Nữ') ON CONFLICT DO NOTHING;
INSERT INTO "DanhSachHocSinh" ("MaHocSinh", "MaLop", "HoTen", "NgaySinh", "GioiTinh") VALUES (74, 4, 'Bùi Hữu An', '2010-02-18', 'Nam') ON CONFLICT DO NOTHING;
INSERT INTO "DanhSachHocSinh" ("MaHocSinh", "MaLop", "HoTen", "NgaySinh", "GioiTinh") VALUES (75, 4, 'Hoàng Thị Lan', '2010-07-21', 'Nữ') ON CONFLICT DO NOTHING;
INSERT INTO "DanhSachHocSinh" ("MaHocSinh", "MaLop", "HoTen", "NgaySinh", "GioiTinh") VALUES (76, 4, 'Vũ Xuân Phong', '2010-09-13', 'Nam') ON CONFLICT DO NOTHING;
INSERT INTO "DanhSachHocSinh" ("MaHocSinh", "MaLop", "HoTen", "NgaySinh", "GioiTinh") VALUES (77, 4, 'Trịnh Quỳnh Trang', '2010-01-23', 'Nữ') ON CONFLICT DO NOTHING;
INSERT INTO "DanhSachHocSinh" ("MaHocSinh", "MaLop", "HoTen", "NgaySinh", "GioiTinh") VALUES (78, 4, 'Bùi Quỳnh Phương', '2010-07-12', 'Nữ') ON CONFLICT DO NOTHING;
INSERT INTO "DanhSachHocSinh" ("MaHocSinh", "MaLop", "HoTen", "NgaySinh", "GioiTinh") VALUES (79, 4, 'Vũ Anh Sơn', '2010-02-19', 'Nam') ON CONFLICT DO NOTHING;
INSERT INTO "DanhSachHocSinh" ("MaHocSinh", "MaLop", "HoTen", "NgaySinh", "GioiTinh") VALUES (80, 4, 'Phan Hữu Việt', '2010-05-27', 'Nam') ON CONFLICT DO NOTHING;
INSERT INTO "DanhSachHocSinh" ("MaHocSinh", "MaLop", "HoTen", "NgaySinh", "GioiTinh") VALUES (81, 5, 'Trịnh Đức Minh', '2009-03-16', 'Nam') ON CONFLICT DO NOTHING;
INSERT INTO "DanhSachHocSinh" ("MaHocSinh", "MaLop", "HoTen", "NgaySinh", "GioiTinh") VALUES (82, 5, 'Nguyễn Thị Lan', '2009-07-22', 'Nữ') ON CONFLICT DO NOTHING;
INSERT INTO "DanhSachHocSinh" ("MaHocSinh", "MaLop", "HoTen", "NgaySinh", "GioiTinh") VALUES (83, 5, 'Lê Anh Tuấn', '2009-05-22', 'Nam') ON CONFLICT DO NOTHING;
INSERT INTO "DanhSachHocSinh" ("MaHocSinh", "MaLop", "HoTen", "NgaySinh", "GioiTinh") VALUES (84, 5, 'Nguyễn Tiến Quân', '2009-04-23', 'Nam') ON CONFLICT DO NOTHING;
INSERT INTO "DanhSachHocSinh" ("MaHocSinh", "MaLop", "HoTen", "NgaySinh", "GioiTinh") VALUES (85, 5, 'Trịnh Hữu Bảo', '2009-08-24', 'Nam') ON CONFLICT DO NOTHING;
INSERT INTO "DanhSachHocSinh" ("MaHocSinh", "MaLop", "HoTen", "NgaySinh", "GioiTinh") VALUES (86, 5, 'Bùi Thành Minh', '2009-02-19', 'Nam') ON CONFLICT DO NOTHING;
INSERT INTO "DanhSachHocSinh" ("MaHocSinh", "MaLop", "HoTen", "NgaySinh", "GioiTinh") VALUES (87, 5, 'Trịnh Hữu Đạt', '2009-04-19', 'Nam') ON CONFLICT DO NOTHING;
INSERT INTO "DanhSachHocSinh" ("MaHocSinh", "MaLop", "HoTen", "NgaySinh", "GioiTinh") VALUES (88, 5, 'Phạm Ngọc Bình', '2009-01-17', 'Nữ') ON CONFLICT DO NOTHING;
INSERT INTO "DanhSachHocSinh" ("MaHocSinh", "MaLop", "HoTen", "NgaySinh", "GioiTinh") VALUES (89, 5, 'Trịnh Đức Bảo', '2009-07-28', 'Nam') ON CONFLICT DO NOTHING;
INSERT INTO "DanhSachHocSinh" ("MaHocSinh", "MaLop", "HoTen", "NgaySinh", "GioiTinh") VALUES (90, 5, 'Phan Cát Thảo', '2009-04-14', 'Nữ') ON CONFLICT DO NOTHING;
INSERT INTO "DanhSachHocSinh" ("MaHocSinh", "MaLop", "HoTen", "NgaySinh", "GioiTinh") VALUES (91, 5, 'Nguyễn Đức Anh', '2009-04-15', 'Nam') ON CONFLICT DO NOTHING;
INSERT INTO "DanhSachHocSinh" ("MaHocSinh", "MaLop", "HoTen", "NgaySinh", "GioiTinh") VALUES (92, 5, 'Bùi Thành Cường', '2009-09-17', 'Nam') ON CONFLICT DO NOTHING;
INSERT INTO "DanhSachHocSinh" ("MaHocSinh", "MaLop", "HoTen", "NgaySinh", "GioiTinh") VALUES (93, 5, 'Trần Thành Khải', '2009-08-26', 'Nam') ON CONFLICT DO NOTHING;
INSERT INTO "DanhSachHocSinh" ("MaHocSinh", "MaLop", "HoTen", "NgaySinh", "GioiTinh") VALUES (94, 5, 'Trịnh Hữu Bảo', '2009-09-23', 'Nam') ON CONFLICT DO NOTHING;
INSERT INTO "DanhSachHocSinh" ("MaHocSinh", "MaLop", "HoTen", "NgaySinh", "GioiTinh") VALUES (95, 5, 'Bùi Thành Minh', '2009-08-24', 'Nam') ON CONFLICT DO NOTHING;
INSERT INTO "DanhSachHocSinh" ("MaHocSinh", "MaLop", "HoTen", "NgaySinh", "GioiTinh") VALUES (96, 5, 'Phạm Hoài Tú', '2009-08-17', 'Nữ') ON CONFLICT DO NOTHING;
INSERT INTO "DanhSachHocSinh" ("MaHocSinh", "MaLop", "HoTen", "NgaySinh", "GioiTinh") VALUES (97, 5, 'Trần Hoài Yến', '2009-05-20', 'Nữ') ON CONFLICT DO NOTHING;
INSERT INTO "DanhSachHocSinh" ("MaHocSinh", "MaLop", "HoTen", "NgaySinh", "GioiTinh") VALUES (98, 5, 'Bùi Hồng Mai', '2009-03-17', 'Nữ') ON CONFLICT DO NOTHING;
INSERT INTO "DanhSachHocSinh" ("MaHocSinh", "MaLop", "HoTen", "NgaySinh", "GioiTinh") VALUES (99, 5, 'Lê Quỳnh Huyền', '2009-07-23', 'Nữ') ON CONFLICT DO NOTHING;
INSERT INTO "DanhSachHocSinh" ("MaHocSinh", "MaLop", "HoTen", "NgaySinh", "GioiTinh") VALUES (100, 5, 'Đỗ Mai Giang', '2009-04-23', 'Nữ') ON CONFLICT DO NOTHING;
INSERT INTO "DanhSachHocSinh" ("MaHocSinh", "MaLop", "HoTen", "NgaySinh", "GioiTinh") VALUES (101, 6, 'Phan Thanh Liêm', '2009-07-28', 'Nam') ON CONFLICT DO NOTHING;
INSERT INTO "DanhSachHocSinh" ("MaHocSinh", "MaLop", "HoTen", "NgaySinh", "GioiTinh") VALUES (102, 6, 'Ngô Quỳnh Mai', '2009-01-28', 'Nữ') ON CONFLICT DO NOTHING;
INSERT INTO "DanhSachHocSinh" ("MaHocSinh", "MaLop", "HoTen", "NgaySinh", "GioiTinh") VALUES (103, 6, 'Nguyễn Thu Linh', '2009-07-23', 'Nữ') ON CONFLICT DO NOTHING;
INSERT INTO "DanhSachHocSinh" ("MaHocSinh", "MaLop", "HoTen", "NgaySinh", "GioiTinh") VALUES (104, 6, 'Bùi Anh Nam', '2009-08-17', 'Nam') ON CONFLICT DO NOTHING;
INSERT INTO "DanhSachHocSinh" ("MaHocSinh", "MaLop", "HoTen", "NgaySinh", "GioiTinh") VALUES (105, 6, 'Đỗ Thị Thảo', '2009-06-22', 'Nữ') ON CONFLICT DO NOTHING;
INSERT INTO "DanhSachHocSinh" ("MaHocSinh", "MaLop", "HoTen", "NgaySinh", "GioiTinh") VALUES (106, 6, 'Đỗ Quang Phong', '2009-09-10', 'Nam') ON CONFLICT DO NOTHING;
INSERT INTO "DanhSachHocSinh" ("MaHocSinh", "MaLop", "HoTen", "NgaySinh", "GioiTinh") VALUES (107, 6, 'Trịnh Anh An', '2009-02-23', 'Nam') ON CONFLICT DO NOTHING;
INSERT INTO "DanhSachHocSinh" ("MaHocSinh", "MaLop", "HoTen", "NgaySinh", "GioiTinh") VALUES (108, 6, 'Đỗ Ngọc Giang', '2009-05-22', 'Nữ') ON CONFLICT DO NOTHING;
INSERT INTO "DanhSachHocSinh" ("MaHocSinh", "MaLop", "HoTen", "NgaySinh", "GioiTinh") VALUES (109, 6, 'Đỗ Thu Hà', '2009-07-18', 'Nữ') ON CONFLICT DO NOTHING;
INSERT INTO "DanhSachHocSinh" ("MaHocSinh", "MaLop", "HoTen", "NgaySinh", "GioiTinh") VALUES (110, 6, 'Phan Tiến Đạt', '2009-08-10', 'Nam') ON CONFLICT DO NOTHING;
INSERT INTO "DanhSachHocSinh" ("MaHocSinh", "MaLop", "HoTen", "NgaySinh", "GioiTinh") VALUES (111, 6, 'Nguyễn Hữu Nam', '2009-02-11', 'Nam') ON CONFLICT DO NOTHING;
INSERT INTO "DanhSachHocSinh" ("MaHocSinh", "MaLop", "HoTen", "NgaySinh", "GioiTinh") VALUES (112, 6, 'Phạm Minh An', '2009-03-17', 'Nam') ON CONFLICT DO NOTHING;
INSERT INTO "DanhSachHocSinh" ("MaHocSinh", "MaLop", "HoTen", "NgaySinh", "GioiTinh") VALUES (113, 6, 'Trần Khánh Uyên', '2009-08-18', 'Nữ') ON CONFLICT DO NOTHING;
INSERT INTO "DanhSachHocSinh" ("MaHocSinh", "MaLop", "HoTen", "NgaySinh", "GioiTinh") VALUES (114, 6, 'Lê Anh Phong', '2009-02-15', 'Nam') ON CONFLICT DO NOTHING;
INSERT INTO "DanhSachHocSinh" ("MaHocSinh", "MaLop", "HoTen", "NgaySinh", "GioiTinh") VALUES (115, 6, 'Trần Anh An', '2009-05-28', 'Nam') ON CONFLICT DO NOTHING;
INSERT INTO "DanhSachHocSinh" ("MaHocSinh", "MaLop", "HoTen", "NgaySinh", "GioiTinh") VALUES (116, 6, 'Phan Xuân Liêm', '2009-02-28', 'Nam') ON CONFLICT DO NOTHING;
INSERT INTO "DanhSachHocSinh" ("MaHocSinh", "MaLop", "HoTen", "NgaySinh", "GioiTinh") VALUES (117, 6, 'Phạm Đức Quân', '2009-02-28', 'Nam') ON CONFLICT DO NOTHING;
INSERT INTO "DanhSachHocSinh" ("MaHocSinh", "MaLop", "HoTen", "NgaySinh", "GioiTinh") VALUES (118, 6, 'Vũ Duy Anh', '2009-06-12', 'Nam') ON CONFLICT DO NOTHING;
INSERT INTO "DanhSachHocSinh" ("MaHocSinh", "MaLop", "HoTen", "NgaySinh", "GioiTinh") VALUES (119, 6, 'Vũ Văn Anh', '2009-08-13', 'Nam') ON CONFLICT DO NOTHING;
INSERT INTO "DanhSachHocSinh" ("MaHocSinh", "MaLop", "HoTen", "NgaySinh", "GioiTinh") VALUES (120, 6, 'Vũ Cát Mai', '2009-07-15', 'Nữ') ON CONFLICT DO NOTHING;
INSERT INTO "DanhSachHocSinh" ("MaHocSinh", "MaLop", "HoTen", "NgaySinh", "GioiTinh") VALUES (121, 7, 'Đặng Hoài Nam', '2009-09-18', 'Nam') ON CONFLICT DO NOTHING;
INSERT INTO "DanhSachHocSinh" ("MaHocSinh", "MaLop", "HoTen", "NgaySinh", "GioiTinh") VALUES (122, 7, 'Võ Thị Oanh', '2009-09-25', 'Nữ') ON CONFLICT DO NOTHING;
INSERT INTO "DanhSachHocSinh" ("MaHocSinh", "MaLop", "HoTen", "NgaySinh", "GioiTinh") VALUES (123, 7, 'Trịnh Hoài Hà', '2009-04-12', 'Nữ') ON CONFLICT DO NOTHING;
INSERT INTO "DanhSachHocSinh" ("MaHocSinh", "MaLop", "HoTen", "NgaySinh", "GioiTinh") VALUES (124, 7, 'Đỗ Quỳnh Nhi', '2009-07-20', 'Nữ') ON CONFLICT DO NOTHING;
INSERT INTO "DanhSachHocSinh" ("MaHocSinh", "MaLop", "HoTen", "NgaySinh", "GioiTinh") VALUES (125, 7, 'Vũ Ngọc Vân', '2009-04-21', 'Nữ') ON CONFLICT DO NOTHING;
INSERT INTO "DanhSachHocSinh" ("MaHocSinh", "MaLop", "HoTen", "NgaySinh", "GioiTinh") VALUES (126, 7, 'Vũ Tiến Phong', '2009-05-27', 'Nam') ON CONFLICT DO NOTHING;
INSERT INTO "DanhSachHocSinh" ("MaHocSinh", "MaLop", "HoTen", "NgaySinh", "GioiTinh") VALUES (127, 7, 'Phạm Hồng Yến', '2009-07-25', 'Nữ') ON CONFLICT DO NOTHING;
INSERT INTO "DanhSachHocSinh" ("MaHocSinh", "MaLop", "HoTen", "NgaySinh", "GioiTinh") VALUES (128, 7, 'Phạm Thành Dũng', '2009-08-10', 'Nam') ON CONFLICT DO NOTHING;
INSERT INTO "DanhSachHocSinh" ("MaHocSinh", "MaLop", "HoTen", "NgaySinh", "GioiTinh") VALUES (129, 7, 'Phạm Mai Yến', '2009-05-28', 'Nữ') ON CONFLICT DO NOTHING;
INSERT INTO "DanhSachHocSinh" ("MaHocSinh", "MaLop", "HoTen", "NgaySinh", "GioiTinh") VALUES (130, 7, 'Bùi Phương Phương', '2009-07-27', 'Nữ') ON CONFLICT DO NOTHING;
INSERT INTO "DanhSachHocSinh" ("MaHocSinh", "MaLop", "HoTen", "NgaySinh", "GioiTinh") VALUES (131, 7, 'Đỗ Hoài Linh', '2009-05-17', 'Nữ') ON CONFLICT DO NOTHING;
INSERT INTO "DanhSachHocSinh" ("MaHocSinh", "MaLop", "HoTen", "NgaySinh", "GioiTinh") VALUES (132, 7, 'Phạm Thu Lan', '2009-09-15', 'Nữ') ON CONFLICT DO NOTHING;
INSERT INTO "DanhSachHocSinh" ("MaHocSinh", "MaLop", "HoTen", "NgaySinh", "GioiTinh") VALUES (133, 7, 'Đỗ Hoài Như', '2009-09-29', 'Nữ') ON CONFLICT DO NOTHING;
INSERT INTO "DanhSachHocSinh" ("MaHocSinh", "MaLop", "HoTen", "NgaySinh", "GioiTinh") VALUES (134, 7, 'Trần Quỳnh Linh', '2009-04-21', 'Nữ') ON CONFLICT DO NOTHING;
INSERT INTO "DanhSachHocSinh" ("MaHocSinh", "MaLop", "HoTen", "NgaySinh", "GioiTinh") VALUES (135, 7, 'Nguyễn Phương Mai', '2009-05-11', 'Nữ') ON CONFLICT DO NOTHING;
INSERT INTO "DanhSachHocSinh" ("MaHocSinh", "MaLop", "HoTen", "NgaySinh", "GioiTinh") VALUES (136, 7, 'Bùi Tiến Khải', '2009-08-13', 'Nam') ON CONFLICT DO NOTHING;
INSERT INTO "DanhSachHocSinh" ("MaHocSinh", "MaLop", "HoTen", "NgaySinh", "GioiTinh") VALUES (137, 7, 'Trịnh Tiến Dũng', '2009-08-24', 'Nam') ON CONFLICT DO NOTHING;
INSERT INTO "DanhSachHocSinh" ("MaHocSinh", "MaLop", "HoTen", "NgaySinh", "GioiTinh") VALUES (138, 7, 'Nguyễn Hoài Vân', '2009-02-12', 'Nữ') ON CONFLICT DO NOTHING;
INSERT INTO "DanhSachHocSinh" ("MaHocSinh", "MaLop", "HoTen", "NgaySinh", "GioiTinh") VALUES (139, 7, 'Trần Khánh Giang', '2009-03-14', 'Nữ') ON CONFLICT DO NOTHING;
INSERT INTO "DanhSachHocSinh" ("MaHocSinh", "MaLop", "HoTen", "NgaySinh", "GioiTinh") VALUES (140, 7, 'Hoàng Đức Nam', '2009-02-27', 'Nam') ON CONFLICT DO NOTHING;
INSERT INTO "DanhSachHocSinh" ("MaHocSinh", "MaLop", "HoTen", "NgaySinh", "GioiTinh") VALUES (141, 8, 'Đỗ Hồng Phúc', '2009-07-29', 'Nam') ON CONFLICT DO NOTHING;
INSERT INTO "DanhSachHocSinh" ("MaHocSinh", "MaLop", "HoTen", "NgaySinh", "GioiTinh") VALUES (142, 8, 'Bùi Công Phượng', '2009-04-26', 'Nữ') ON CONFLICT DO NOTHING;
INSERT INTO "DanhSachHocSinh" ("MaHocSinh", "MaLop", "HoTen", "NgaySinh", "GioiTinh") VALUES (143, 8, 'Đỗ Hoài Như', '2009-07-19', 'Nữ') ON CONFLICT DO NOTHING;
INSERT INTO "DanhSachHocSinh" ("MaHocSinh", "MaLop", "HoTen", "NgaySinh", "GioiTinh") VALUES (144, 8, 'Nguyễn Anh Hải', '2009-04-16', 'Nam') ON CONFLICT DO NOTHING;
INSERT INTO "DanhSachHocSinh" ("MaHocSinh", "MaLop", "HoTen", "NgaySinh", "GioiTinh") VALUES (145, 8, 'Trần Ngọc Yến', '2009-03-27', 'Nữ') ON CONFLICT DO NOTHING;
INSERT INTO "DanhSachHocSinh" ("MaHocSinh", "MaLop", "HoTen", "NgaySinh", "GioiTinh") VALUES (146, 8, 'Nguyễn Mai Nhi', '2009-08-19', 'Nữ') ON CONFLICT DO NOTHING;
INSERT INTO "DanhSachHocSinh" ("MaHocSinh", "MaLop", "HoTen", "NgaySinh", "GioiTinh") VALUES (147, 8, 'Hoàng Hoài Nhi', '2009-02-17', 'Nữ') ON CONFLICT DO NOTHING;
INSERT INTO "DanhSachHocSinh" ("MaHocSinh", "MaLop", "HoTen", "NgaySinh", "GioiTinh") VALUES (148, 8, 'Trịnh Minh Anh', '2009-02-27', 'Nam') ON CONFLICT DO NOTHING;
INSERT INTO "DanhSachHocSinh" ("MaHocSinh", "MaLop", "HoTen", "NgaySinh", "GioiTinh") VALUES (149, 8, 'Lê Hoài Mai', '2009-02-11', 'Nữ') ON CONFLICT DO NOTHING;
INSERT INTO "DanhSachHocSinh" ("MaHocSinh", "MaLop", "HoTen", "NgaySinh", "GioiTinh") VALUES (150, 8, 'Hoàng Khánh Như', '2009-05-24', 'Nữ') ON CONFLICT DO NOTHING;
INSERT INTO "DanhSachHocSinh" ("MaHocSinh", "MaLop", "HoTen", "NgaySinh", "GioiTinh") VALUES (151, 8, 'Hoàng Mai Trang', '2009-09-27', 'Nữ') ON CONFLICT DO NOTHING;
INSERT INTO "DanhSachHocSinh" ("MaHocSinh", "MaLop", "HoTen", "NgaySinh", "GioiTinh") VALUES (152, 8, 'Trần Khánh Giang', '2009-07-20', 'Nữ') ON CONFLICT DO NOTHING;
INSERT INTO "DanhSachHocSinh" ("MaHocSinh", "MaLop", "HoTen", "NgaySinh", "GioiTinh") VALUES (153, 8, 'Nguyễn Đức Nam', '2009-01-18', 'Nam') ON CONFLICT DO NOTHING;
INSERT INTO "DanhSachHocSinh" ("MaHocSinh", "MaLop", "HoTen", "NgaySinh", "GioiTinh") VALUES (154, 8, 'Lê Thành Thắng', '2009-08-18', 'Nam') ON CONFLICT DO NOTHING;
INSERT INTO "DanhSachHocSinh" ("MaHocSinh", "MaLop", "HoTen", "NgaySinh", "GioiTinh") VALUES (155, 8, 'Trịnh Mai Vân', '2009-02-25', 'Nữ') ON CONFLICT DO NOTHING;
INSERT INTO "DanhSachHocSinh" ("MaHocSinh", "MaLop", "HoTen", "NgaySinh", "GioiTinh") VALUES (156, 8, 'Vũ Thu Lan', '2009-03-20', 'Nữ') ON CONFLICT DO NOTHING;
INSERT INTO "DanhSachHocSinh" ("MaHocSinh", "MaLop", "HoTen", "NgaySinh", "GioiTinh") VALUES (157, 8, 'Đỗ Hoài Thảo', '2009-09-11', 'Nữ') ON CONFLICT DO NOTHING;
INSERT INTO "DanhSachHocSinh" ("MaHocSinh", "MaLop", "HoTen", "NgaySinh", "GioiTinh") VALUES (158, 8, 'Vũ Hoài Hà', '2009-02-22', 'Nữ') ON CONFLICT DO NOTHING;
INSERT INTO "DanhSachHocSinh" ("MaHocSinh", "MaLop", "HoTen", "NgaySinh", "GioiTinh") VALUES (159, 8, 'Nguyễn Duy Bảo', '2009-07-11', 'Nam') ON CONFLICT DO NOTHING;
INSERT INTO "DanhSachHocSinh" ("MaHocSinh", "MaLop", "HoTen", "NgaySinh", "GioiTinh") VALUES (160, 8, 'Vũ Khánh Vân', '2009-08-11', 'Nữ') ON CONFLICT DO NOTHING;
INSERT INTO "DanhSachHocSinh" ("MaHocSinh", "MaLop", "HoTen", "NgaySinh", "GioiTinh") VALUES (161, 9, 'Nguyễn Minh Quân', '2008-04-18', 'Nam') ON CONFLICT DO NOTHING;
INSERT INTO "DanhSachHocSinh" ("MaHocSinh", "MaLop", "HoTen", "NgaySinh", "GioiTinh") VALUES (162, 9, 'Lê Hồng Sơn', '2008-09-14', 'Nữ') ON CONFLICT DO NOTHING;
INSERT INTO "DanhSachHocSinh" ("MaHocSinh", "MaLop", "HoTen", "NgaySinh", "GioiTinh") VALUES (163, 9, 'Đỗ Thành Hải', '2008-01-29', 'Nam') ON CONFLICT DO NOTHING;
INSERT INTO "DanhSachHocSinh" ("MaHocSinh", "MaLop", "HoTen", "NgaySinh", "GioiTinh") VALUES (164, 9, 'Lê Tiến Hùng', '2008-01-27', 'Nam') ON CONFLICT DO NOTHING;
INSERT INTO "DanhSachHocSinh" ("MaHocSinh", "MaLop", "HoTen", "NgaySinh", "GioiTinh") VALUES (165, 9, 'Phạm Hồng Nhi', '2008-02-14', 'Nữ') ON CONFLICT DO NOTHING;
INSERT INTO "DanhSachHocSinh" ("MaHocSinh", "MaLop", "HoTen", "NgaySinh", "GioiTinh") VALUES (166, 9, 'Hoàng Phương Trang', '2008-07-25', 'Nữ') ON CONFLICT DO NOTHING;
INSERT INTO "DanhSachHocSinh" ("MaHocSinh", "MaLop", "HoTen", "NgaySinh", "GioiTinh") VALUES (167, 9, 'Phạm Thành Hùng', '2008-03-22', 'Nam') ON CONFLICT DO NOTHING;
INSERT INTO "DanhSachHocSinh" ("MaHocSinh", "MaLop", "HoTen", "NgaySinh", "GioiTinh") VALUES (168, 9, 'Trịnh Phương Mai', '2008-02-18', 'Nữ') ON CONFLICT DO NOTHING;
INSERT INTO "DanhSachHocSinh" ("MaHocSinh", "MaLop", "HoTen", "NgaySinh", "GioiTinh") VALUES (169, 9, 'Phan Hữu Thắng', '2008-05-10', 'Nam') ON CONFLICT DO NOTHING;
INSERT INTO "DanhSachHocSinh" ("MaHocSinh", "MaLop", "HoTen", "NgaySinh", "GioiTinh") VALUES (170, 9, 'Hoàng Khánh Như', '2008-08-14', 'Nữ') ON CONFLICT DO NOTHING;
INSERT INTO "DanhSachHocSinh" ("MaHocSinh", "MaLop", "HoTen", "NgaySinh", "GioiTinh") VALUES (171, 9, 'Đỗ Thu Hà', '2008-09-27', 'Nữ') ON CONFLICT DO NOTHING;
INSERT INTO "DanhSachHocSinh" ("MaHocSinh", "MaLop", "HoTen", "NgaySinh", "GioiTinh") VALUES (172, 9, 'Vũ Quỳnh Yến', '2008-07-17', 'Nữ') ON CONFLICT DO NOTHING;
INSERT INTO "DanhSachHocSinh" ("MaHocSinh", "MaLop", "HoTen", "NgaySinh", "GioiTinh") VALUES (173, 9, 'Phan Văn Sơn', '2008-08-22', 'Nam') ON CONFLICT DO NOTHING;
INSERT INTO "DanhSachHocSinh" ("MaHocSinh", "MaLop", "HoTen", "NgaySinh", "GioiTinh") VALUES (174, 9, 'Lê Cát Giang', '2008-03-26', 'Nữ') ON CONFLICT DO NOTHING;
INSERT INTO "DanhSachHocSinh" ("MaHocSinh", "MaLop", "HoTen", "NgaySinh", "GioiTinh") VALUES (175, 9, 'Vũ Đức Bảo', '2008-02-26', 'Nam') ON CONFLICT DO NOTHING;
INSERT INTO "DanhSachHocSinh" ("MaHocSinh", "MaLop", "HoTen", "NgaySinh", "GioiTinh") VALUES (176, 9, 'Nguyễn Quang Anh', '2008-03-12', 'Nam') ON CONFLICT DO NOTHING;
INSERT INTO "DanhSachHocSinh" ("MaHocSinh", "MaLop", "HoTen", "NgaySinh", "GioiTinh") VALUES (177, 9, 'Hoàng Thu Diệp', '2008-07-12', 'Nữ') ON CONFLICT DO NOTHING;
INSERT INTO "DanhSachHocSinh" ("MaHocSinh", "MaLop", "HoTen", "NgaySinh", "GioiTinh") VALUES (178, 9, 'Bùi Xuân Sơn', '2008-08-27', 'Nam') ON CONFLICT DO NOTHING;
INSERT INTO "DanhSachHocSinh" ("MaHocSinh", "MaLop", "HoTen", "NgaySinh", "GioiTinh") VALUES (179, 9, 'Trần Quỳnh Linh', '2008-04-12', 'Nữ') ON CONFLICT DO NOTHING;
INSERT INTO "DanhSachHocSinh" ("MaHocSinh", "MaLop", "HoTen", "NgaySinh", "GioiTinh") VALUES (180, 9, 'Trần Hồng Nhi', '2008-03-19', 'Nữ') ON CONFLICT DO NOTHING;
INSERT INTO "DanhSachHocSinh" ("MaHocSinh", "MaLop", "HoTen", "NgaySinh", "GioiTinh") VALUES (181, 10, 'Phạm Minh Tâm', '2008-01-11', 'Nam') ON CONFLICT DO NOTHING;
INSERT INTO "DanhSachHocSinh" ("MaHocSinh", "MaLop", "HoTen", "NgaySinh", "GioiTinh") VALUES (182, 10, 'Trần Thu Uyên', '2008-06-11', 'Nữ') ON CONFLICT DO NOTHING;
INSERT INTO "DanhSachHocSinh" ("MaHocSinh", "MaLop", "HoTen", "NgaySinh", "GioiTinh") VALUES (183, 10, 'Vũ Mai Mai', '2008-04-26', 'Nữ') ON CONFLICT DO NOTHING;
INSERT INTO "DanhSachHocSinh" ("MaHocSinh", "MaLop", "HoTen", "NgaySinh", "GioiTinh") VALUES (184, 10, 'Lê Ngọc Oanh', '2008-02-29', 'Nữ') ON CONFLICT DO NOTHING;
INSERT INTO "DanhSachHocSinh" ("MaHocSinh", "MaLop", "HoTen", "NgaySinh", "GioiTinh") VALUES (185, 10, 'Trịnh Minh Dũng', '2008-03-17', 'Nam') ON CONFLICT DO NOTHING;
INSERT INTO "DanhSachHocSinh" ("MaHocSinh", "MaLop", "HoTen", "NgaySinh", "GioiTinh") VALUES (186, 10, 'Hoàng Cát Trang', '2008-01-24', 'Nữ') ON CONFLICT DO NOTHING;
INSERT INTO "DanhSachHocSinh" ("MaHocSinh", "MaLop", "HoTen", "NgaySinh", "GioiTinh") VALUES (187, 10, 'Bùi Quang Đạt', '2008-08-21', 'Nam') ON CONFLICT DO NOTHING;
INSERT INTO "DanhSachHocSinh" ("MaHocSinh", "MaLop", "HoTen", "NgaySinh", "GioiTinh") VALUES (188, 10, 'Hoàng Xuân Phúc', '2008-08-19', 'Nam') ON CONFLICT DO NOTHING;
INSERT INTO "DanhSachHocSinh" ("MaHocSinh", "MaLop", "HoTen", "NgaySinh", "GioiTinh") VALUES (189, 10, 'Phan Cát Lan', '2008-04-22', 'Nữ') ON CONFLICT DO NOTHING;
INSERT INTO "DanhSachHocSinh" ("MaHocSinh", "MaLop", "HoTen", "NgaySinh", "GioiTinh") VALUES (190, 10, 'Trịnh Tiến Quân', '2008-01-22', 'Nam') ON CONFLICT DO NOTHING;
INSERT INTO "DanhSachHocSinh" ("MaHocSinh", "MaLop", "HoTen", "NgaySinh", "GioiTinh") VALUES (191, 10, 'Trịnh Thị Diệp', '2008-08-19', 'Nữ') ON CONFLICT DO NOTHING;
INSERT INTO "DanhSachHocSinh" ("MaHocSinh", "MaLop", "HoTen", "NgaySinh", "GioiTinh") VALUES (192, 10, 'Phạm Anh Tâm', '2008-04-16', 'Nam') ON CONFLICT DO NOTHING;
INSERT INTO "DanhSachHocSinh" ("MaHocSinh", "MaLop", "HoTen", "NgaySinh", "GioiTinh") VALUES (193, 10, 'Lê Đức Cường', '2008-05-24', 'Nam') ON CONFLICT DO NOTHING;
INSERT INTO "DanhSachHocSinh" ("MaHocSinh", "MaLop", "HoTen", "NgaySinh", "GioiTinh") VALUES (194, 10, 'Vũ Ngọc Huyền', '2008-05-20', 'Nữ') ON CONFLICT DO NOTHING;
INSERT INTO "DanhSachHocSinh" ("MaHocSinh", "MaLop", "HoTen", "NgaySinh", "GioiTinh") VALUES (195, 10, 'Lê Minh Khải', '2008-09-21', 'Nam') ON CONFLICT DO NOTHING;
INSERT INTO "DanhSachHocSinh" ("MaHocSinh", "MaLop", "HoTen", "NgaySinh", "GioiTinh") VALUES (196, 10, 'Hoàng Quang Phúc', '2008-08-19', 'Nam') ON CONFLICT DO NOTHING;
INSERT INTO "DanhSachHocSinh" ("MaHocSinh", "MaLop", "HoTen", "NgaySinh", "GioiTinh") VALUES (197, 10, 'Vũ Đức Bảo', '2008-02-14', 'Nam') ON CONFLICT DO NOTHING;
INSERT INTO "DanhSachHocSinh" ("MaHocSinh", "MaLop", "HoTen", "NgaySinh", "GioiTinh") VALUES (198, 10, 'Phạm Xuân Hùng', '2008-06-12', 'Nam') ON CONFLICT DO NOTHING;
INSERT INTO "DanhSachHocSinh" ("MaHocSinh", "MaLop", "HoTen", "NgaySinh", "GioiTinh") VALUES (199, 10, 'Nguyễn Tiến Hùng', '2008-02-24', 'Nam') ON CONFLICT DO NOTHING;
INSERT INTO "DanhSachHocSinh" ("MaHocSinh", "MaLop", "HoTen", "NgaySinh", "GioiTinh") VALUES (200, 10, 'Hoàng Khánh Thảo', '2008-06-13', 'Nữ') ON CONFLICT DO NOTHING;
INSERT INTO "DanhSachHocSinh" ("MaHocSinh", "MaLop", "HoTen", "NgaySinh", "GioiTinh") VALUES (201, 11, 'Vũ Hữu Việt', '2008-04-25', 'Nam') ON CONFLICT DO NOTHING;
INSERT INTO "DanhSachHocSinh" ("MaHocSinh", "MaLop", "HoTen", "NgaySinh", "GioiTinh") VALUES (202, 11, 'Nguyễn Hải Yến', '2008-01-29', 'Nữ') ON CONFLICT DO NOTHING;
INSERT INTO "DanhSachHocSinh" ("MaHocSinh", "MaLop", "HoTen", "NgaySinh", "GioiTinh") VALUES (203, 11, 'Bùi Hữu Phong', '2008-04-12', 'Nam') ON CONFLICT DO NOTHING;
INSERT INTO "DanhSachHocSinh" ("MaHocSinh", "MaLop", "HoTen", "NgaySinh", "GioiTinh") VALUES (204, 11, 'Đỗ Tiến Anh', '2008-02-14', 'Nam') ON CONFLICT DO NOTHING;
INSERT INTO "DanhSachHocSinh" ("MaHocSinh", "MaLop", "HoTen", "NgaySinh", "GioiTinh") VALUES (205, 11, 'Nguyễn Hoài Vân', '2008-02-13', 'Nữ') ON CONFLICT DO NOTHING;
INSERT INTO "DanhSachHocSinh" ("MaHocSinh", "MaLop", "HoTen", "NgaySinh", "GioiTinh") VALUES (206, 11, 'Bùi Ngọc Thảo', '2008-08-21', 'Nữ') ON CONFLICT DO NOTHING;
INSERT INTO "DanhSachHocSinh" ("MaHocSinh", "MaLop", "HoTen", "NgaySinh", "GioiTinh") VALUES (207, 11, 'Bùi Xuân Tuấn', '2008-03-23', 'Nam') ON CONFLICT DO NOTHING;
INSERT INTO "DanhSachHocSinh" ("MaHocSinh", "MaLop", "HoTen", "NgaySinh", "GioiTinh") VALUES (208, 11, 'Đỗ Anh Anh', '2008-05-11', 'Nam') ON CONFLICT DO NOTHING;
INSERT INTO "DanhSachHocSinh" ("MaHocSinh", "MaLop", "HoTen", "NgaySinh", "GioiTinh") VALUES (209, 11, 'Phạm Thành Bảo', '2008-04-21', 'Nam') ON CONFLICT DO NOTHING;
INSERT INTO "DanhSachHocSinh" ("MaHocSinh", "MaLop", "HoTen", "NgaySinh", "GioiTinh") VALUES (210, 11, 'Vũ Phương Phương', '2008-01-22', 'Nữ') ON CONFLICT DO NOTHING;
INSERT INTO "DanhSachHocSinh" ("MaHocSinh", "MaLop", "HoTen", "NgaySinh", "GioiTinh") VALUES (211, 11, 'Trần Cát Huyền', '2008-04-29', 'Nữ') ON CONFLICT DO NOTHING;
INSERT INTO "DanhSachHocSinh" ("MaHocSinh", "MaLop", "HoTen", "NgaySinh", "GioiTinh") VALUES (212, 11, 'Nguyễn Hữu Nam', '2008-03-28', 'Nam') ON CONFLICT DO NOTHING;
INSERT INTO "DanhSachHocSinh" ("MaHocSinh", "MaLop", "HoTen", "NgaySinh", "GioiTinh") VALUES (213, 11, 'Bùi Quỳnh Như', '2008-04-17', 'Nữ') ON CONFLICT DO NOTHING;
INSERT INTO "DanhSachHocSinh" ("MaHocSinh", "MaLop", "HoTen", "NgaySinh", "GioiTinh") VALUES (214, 11, 'Lê Khánh Bình', '2008-05-14', 'Nữ') ON CONFLICT DO NOTHING;
INSERT INTO "DanhSachHocSinh" ("MaHocSinh", "MaLop", "HoTen", "NgaySinh", "GioiTinh") VALUES (215, 11, 'Bùi Tiến Minh', '2008-02-10', 'Nam') ON CONFLICT DO NOTHING;
INSERT INTO "DanhSachHocSinh" ("MaHocSinh", "MaLop", "HoTen", "NgaySinh", "GioiTinh") VALUES (216, 11, 'Vũ Quỳnh Như', '2008-06-10', 'Nữ') ON CONFLICT DO NOTHING;
INSERT INTO "DanhSachHocSinh" ("MaHocSinh", "MaLop", "HoTen", "NgaySinh", "GioiTinh") VALUES (217, 11, 'Nguyễn Ngọc Vy', '2008-09-13', 'Nữ') ON CONFLICT DO NOTHING;
INSERT INTO "DanhSachHocSinh" ("MaHocSinh", "MaLop", "HoTen", "NgaySinh", "GioiTinh") VALUES (218, 11, 'Đỗ Thành Tâm', '2008-09-28', 'Nam') ON CONFLICT DO NOTHING;
INSERT INTO "DanhSachHocSinh" ("MaHocSinh", "MaLop", "HoTen", "NgaySinh", "GioiTinh") VALUES (219, 11, 'Bùi Quỳnh Diệp', '2008-01-26', 'Nữ') ON CONFLICT DO NOTHING;
INSERT INTO "DanhSachHocSinh" ("MaHocSinh", "MaLop", "HoTen", "NgaySinh", "GioiTinh") VALUES (220, 11, 'Nguyễn Thị Vân', '2008-07-23', 'Nữ') ON CONFLICT DO NOTHING;
INSERT INTO "DanhSachHocSinh" ("MaHocSinh", "MaLop", "HoTen", "NgaySinh", "GioiTinh") VALUES (221, 12, 'Hoàng Trọng Anh', '2008-02-25', 'Nam') ON CONFLICT DO NOTHING;
INSERT INTO "DanhSachHocSinh" ("MaHocSinh", "MaLop", "HoTen", "NgaySinh", "GioiTinh") VALUES (222, 12, 'Đặng Quốc Bảo', '2008-08-12', 'Nữ') ON CONFLICT DO NOTHING;
INSERT INTO "DanhSachHocSinh" ("MaHocSinh", "MaLop", "HoTen", "NgaySinh", "GioiTinh") VALUES (223, 12, 'Vũ Anh Khải', '2008-02-14', 'Nam') ON CONFLICT DO NOTHING;
INSERT INTO "DanhSachHocSinh" ("MaHocSinh", "MaLop", "HoTen", "NgaySinh", "GioiTinh") VALUES (224, 12, 'Trịnh Phương Hà', '2008-07-29', 'Nữ') ON CONFLICT DO NOTHING;
INSERT INTO "DanhSachHocSinh" ("MaHocSinh", "MaLop", "HoTen", "NgaySinh", "GioiTinh") VALUES (225, 12, 'Đỗ Duy Phong', '2008-07-13', 'Nam') ON CONFLICT DO NOTHING;
INSERT INTO "DanhSachHocSinh" ("MaHocSinh", "MaLop", "HoTen", "NgaySinh", "GioiTinh") VALUES (226, 12, 'Trần Duy Liêm', '2008-07-24', 'Nam') ON CONFLICT DO NOTHING;
INSERT INTO "DanhSachHocSinh" ("MaHocSinh", "MaLop", "HoTen", "NgaySinh", "GioiTinh") VALUES (227, 12, 'Phan Hữu Bảo', '2008-07-23', 'Nam') ON CONFLICT DO NOTHING;
INSERT INTO "DanhSachHocSinh" ("MaHocSinh", "MaLop", "HoTen", "NgaySinh", "GioiTinh") VALUES (228, 12, 'Vũ Xuân Sơn', '2008-05-21', 'Nam') ON CONFLICT DO NOTHING;
INSERT INTO "DanhSachHocSinh" ("MaHocSinh", "MaLop", "HoTen", "NgaySinh", "GioiTinh") VALUES (229, 12, 'Đỗ Đức Đạt', '2008-02-12', 'Nam') ON CONFLICT DO NOTHING;
INSERT INTO "DanhSachHocSinh" ("MaHocSinh", "MaLop", "HoTen", "NgaySinh", "GioiTinh") VALUES (230, 12, 'Vũ Ngọc Hân', '2008-01-28', 'Nữ') ON CONFLICT DO NOTHING;
INSERT INTO "DanhSachHocSinh" ("MaHocSinh", "MaLop", "HoTen", "NgaySinh", "GioiTinh") VALUES (231, 12, 'Bùi Hữu Hải', '2008-07-21', 'Nam') ON CONFLICT DO NOTHING;
INSERT INTO "DanhSachHocSinh" ("MaHocSinh", "MaLop", "HoTen", "NgaySinh", "GioiTinh") VALUES (232, 12, 'Phan Văn Quân', '2008-05-21', 'Nam') ON CONFLICT DO NOTHING;
INSERT INTO "DanhSachHocSinh" ("MaHocSinh", "MaLop", "HoTen", "NgaySinh", "GioiTinh") VALUES (233, 12, 'Bùi Quỳnh Mai', '2008-08-17', 'Nữ') ON CONFLICT DO NOTHING;
INSERT INTO "DanhSachHocSinh" ("MaHocSinh", "MaLop", "HoTen", "NgaySinh", "GioiTinh") VALUES (234, 12, 'Vũ Duy Tâm', '2008-02-18', 'Nam') ON CONFLICT DO NOTHING;
INSERT INTO "DanhSachHocSinh" ("MaHocSinh", "MaLop", "HoTen", "NgaySinh", "GioiTinh") VALUES (235, 12, 'Phan Duy Phong', '2008-09-10', 'Nam') ON CONFLICT DO NOTHING;
INSERT INTO "DanhSachHocSinh" ("MaHocSinh", "MaLop", "HoTen", "NgaySinh", "GioiTinh") VALUES (236, 12, 'Hoàng Văn Minh', '2008-05-19', 'Nam') ON CONFLICT DO NOTHING;
INSERT INTO "DanhSachHocSinh" ("MaHocSinh", "MaLop", "HoTen", "NgaySinh", "GioiTinh") VALUES (237, 12, 'Vũ Văn Minh', '2008-03-28', 'Nam') ON CONFLICT DO NOTHING;
INSERT INTO "DanhSachHocSinh" ("MaHocSinh", "MaLop", "HoTen", "NgaySinh", "GioiTinh") VALUES (238, 12, 'Trần Quang An', '2008-02-26', 'Nam') ON CONFLICT DO NOTHING;
INSERT INTO "DanhSachHocSinh" ("MaHocSinh", "MaLop", "HoTen", "NgaySinh", "GioiTinh") VALUES (239, 12, 'Phan Cát Hà', '2008-03-21', 'Nữ') ON CONFLICT DO NOTHING;
INSERT INTO "DanhSachHocSinh" ("MaHocSinh", "MaLop", "HoTen", "NgaySinh", "GioiTinh") VALUES (240, 12, 'Vũ Khánh Diệp', '2008-02-11', 'Nữ') ON CONFLICT DO NOTHING;
INSERT INTO "DanhSachHocSinh" ("MaHocSinh", "MaLop", "HoTen", "NgaySinh", "GioiTinh") VALUES (241, 13, 'Bùi Tiến Dũng', '2008-03-15', 'Nam') ON CONFLICT DO NOTHING;
INSERT INTO "DanhSachHocSinh" ("MaHocSinh", "MaLop", "HoTen", "NgaySinh", "GioiTinh") VALUES (242, 13, 'Nguyễn Hữu Thắng', '2008-01-12', 'Nữ') ON CONFLICT DO NOTHING;
INSERT INTO "DanhSachHocSinh" ("MaHocSinh", "MaLop", "HoTen", "NgaySinh", "GioiTinh") VALUES (243, 13, 'Phan Cát Diệp', '2008-08-23', 'Nữ') ON CONFLICT DO NOTHING;
INSERT INTO "DanhSachHocSinh" ("MaHocSinh", "MaLop", "HoTen", "NgaySinh", "GioiTinh") VALUES (244, 13, 'Bùi Hồng Phương', '2008-07-13', 'Nữ') ON CONFLICT DO NOTHING;
INSERT INTO "DanhSachHocSinh" ("MaHocSinh", "MaLop", "HoTen", "NgaySinh", "GioiTinh") VALUES (245, 13, 'Trịnh Cát Tú', '2008-05-11', 'Nữ') ON CONFLICT DO NOTHING;
INSERT INTO "DanhSachHocSinh" ("MaHocSinh", "MaLop", "HoTen", "NgaySinh", "GioiTinh") VALUES (246, 13, 'Trịnh Thị Bình', '2008-04-19', 'Nữ') ON CONFLICT DO NOTHING;
INSERT INTO "DanhSachHocSinh" ("MaHocSinh", "MaLop", "HoTen", "NgaySinh", "GioiTinh") VALUES (247, 13, 'Lê Tiến Quân', '2008-06-13', 'Nam') ON CONFLICT DO NOTHING;
INSERT INTO "DanhSachHocSinh" ("MaHocSinh", "MaLop", "HoTen", "NgaySinh", "GioiTinh") VALUES (248, 13, 'Phan Ngọc Mai', '2008-07-27', 'Nữ') ON CONFLICT DO NOTHING;
INSERT INTO "DanhSachHocSinh" ("MaHocSinh", "MaLop", "HoTen", "NgaySinh", "GioiTinh") VALUES (249, 13, 'Bùi Duy Tâm', '2008-02-22', 'Nam') ON CONFLICT DO NOTHING;
INSERT INTO "DanhSachHocSinh" ("MaHocSinh", "MaLop", "HoTen", "NgaySinh", "GioiTinh") VALUES (250, 13, 'Nguyễn Xuân An', '2008-08-12', 'Nam') ON CONFLICT DO NOTHING;
INSERT INTO "DanhSachHocSinh" ("MaHocSinh", "MaLop", "HoTen", "NgaySinh", "GioiTinh") VALUES (251, 13, 'Trịnh Xuân Tuấn', '2008-07-23', 'Nam') ON CONFLICT DO NOTHING;
INSERT INTO "DanhSachHocSinh" ("MaHocSinh", "MaLop", "HoTen", "NgaySinh", "GioiTinh") VALUES (252, 13, 'Phan Thị Hà', '2008-03-29', 'Nữ') ON CONFLICT DO NOTHING;
INSERT INTO "DanhSachHocSinh" ("MaHocSinh", "MaLop", "HoTen", "NgaySinh", "GioiTinh") VALUES (253, 13, 'Vũ Hồng Vy', '2008-02-17', 'Nữ') ON CONFLICT DO NOTHING;
INSERT INTO "DanhSachHocSinh" ("MaHocSinh", "MaLop", "HoTen", "NgaySinh", "GioiTinh") VALUES (254, 13, 'Phan Phương Huyền', '2008-07-19', 'Nữ') ON CONFLICT DO NOTHING;
INSERT INTO "DanhSachHocSinh" ("MaHocSinh", "MaLop", "HoTen", "NgaySinh", "GioiTinh") VALUES (255, 13, 'Phạm Hữu Minh', '2008-02-26', 'Nam') ON CONFLICT DO NOTHING;
INSERT INTO "DanhSachHocSinh" ("MaHocSinh", "MaLop", "HoTen", "NgaySinh", "GioiTinh") VALUES (256, 13, 'Bùi Duy Liêm', '2008-06-21', 'Nam') ON CONFLICT DO NOTHING;
INSERT INTO "DanhSachHocSinh" ("MaHocSinh", "MaLop", "HoTen", "NgaySinh", "GioiTinh") VALUES (257, 13, 'Lê Minh Hải', '2008-03-18', 'Nam') ON CONFLICT DO NOTHING;
INSERT INTO "DanhSachHocSinh" ("MaHocSinh", "MaLop", "HoTen", "NgaySinh", "GioiTinh") VALUES (258, 13, 'Trịnh Ngọc Huyền', '2008-03-25', 'Nữ') ON CONFLICT DO NOTHING;
INSERT INTO "DanhSachHocSinh" ("MaHocSinh", "MaLop", "HoTen", "NgaySinh", "GioiTinh") VALUES (259, 13, 'Trịnh Khánh Nhi', '2008-06-20', 'Nữ') ON CONFLICT DO NOTHING;
INSERT INTO "DanhSachHocSinh" ("MaHocSinh", "MaLop", "HoTen", "NgaySinh", "GioiTinh") VALUES (260, 13, 'Trần Cát Nhi', '2008-05-18', 'Nữ') ON CONFLICT DO NOTHING;

-- ============================================================================
-- BẢNG: NguoiDung
-- ============================================================================
INSERT INTO "NguoiDung" ("MaNguoiDung", "Email", "MatKhauHash", "HoTen", "VaiTro", "MaLop", "TrangThai") VALUES (1, 'admin@school.edu.vn', 'admin123', 'Thầy Tuấn - Admin', 'ADMIN', NULL, TRUE) ON CONFLICT DO NOTHING;
INSERT INTO "NguoiDung" ("MaNguoiDung", "Email", "MatKhauHash", "HoTen", "VaiTro", "MaLop", "TrangThai") VALUES (2, 'an.codo10a@school.edu.vn', 'codo123', 'Nguyễn Văn An', 'CO_DO', 1, TRUE) ON CONFLICT DO NOTHING;
INSERT INTO "NguoiDung" ("MaNguoiDung", "Email", "MatKhauHash", "HoTen", "VaiTro", "MaLop", "TrangThai") VALUES (3, 'binh.codo10a@school.edu.vn', 'codo123', 'Lê Thị Bình', 'CO_DO', 1, TRUE) ON CONFLICT DO NOTHING;
INSERT INTO "NguoiDung" ("MaNguoiDung", "Email", "MatKhauHash", "HoTen", "VaiTro", "MaLop", "TrangThai") VALUES (4, 'gv.10a@school.edu.vn', 'gv123', 'Cô Hương - GVCN 10A', 'GIAO_VIEN', 1, TRUE) ON CONFLICT DO NOTHING;
INSERT INTO "NguoiDung" ("MaNguoiDung", "Email", "MatKhauHash", "HoTen", "VaiTro", "MaLop", "TrangThai") VALUES (5, 'cuong.codo10b@school.edu.vn', 'codo123', 'Trần Quốc Cường', 'CO_DO', 2, TRUE) ON CONFLICT DO NOTHING;
INSERT INTO "NguoiDung" ("MaNguoiDung", "Email", "MatKhauHash", "HoTen", "VaiTro", "MaLop", "TrangThai") VALUES (6, 'dat.codo10b@school.edu.vn', 'codo123', 'Phạm Minh Đạt', 'CO_DO', 2, TRUE) ON CONFLICT DO NOTHING;
INSERT INTO "NguoiDung" ("MaNguoiDung", "Email", "MatKhauHash", "HoTen", "VaiTro", "MaLop", "TrangThai") VALUES (7, 'gv.10b@school.edu.vn', 'gv123', 'Cô Hương - GVCN 10B', 'GIAO_VIEN', 2, TRUE) ON CONFLICT DO NOTHING;
INSERT INTO "NguoiDung" ("MaNguoiDung", "Email", "MatKhauHash", "HoTen", "VaiTro", "MaLop", "TrangThai") VALUES (8, 'giang.codo10c@school.edu.vn', 'codo123', 'Hoàng Thu Giang', 'CO_DO', 3, TRUE) ON CONFLICT DO NOTHING;
INSERT INTO "NguoiDung" ("MaNguoiDung", "Email", "MatKhauHash", "HoTen", "VaiTro", "MaLop", "TrangThai") VALUES (9, 'hai.codo10c@school.edu.vn', 'codo123', 'Đỗ Duy Hải', 'CO_DO', 3, TRUE) ON CONFLICT DO NOTHING;
INSERT INTO "NguoiDung" ("MaNguoiDung", "Email", "MatKhauHash", "HoTen", "VaiTro", "MaLop", "TrangThai") VALUES (10, 'gv.10c@school.edu.vn', 'gv123', 'Cô Hương - GVCN 10C', 'GIAO_VIEN', 3, TRUE) ON CONFLICT DO NOTHING;
INSERT INTO "NguoiDung" ("MaNguoiDung", "Email", "MatKhauHash", "HoTen", "VaiTro", "MaLop", "TrangThai") VALUES (11, 'huyen.codo10d@school.edu.vn', 'codo123', 'Vũ Khánh Huyền', 'CO_DO', 4, TRUE) ON CONFLICT DO NOTHING;
INSERT INTO "NguoiDung" ("MaNguoiDung", "Email", "MatKhauHash", "HoTen", "VaiTro", "MaLop", "TrangThai") VALUES (12, 'khai.codo10d@school.edu.vn', 'codo123', 'Bùi Quang Khải', 'CO_DO', 4, TRUE) ON CONFLICT DO NOTHING;
INSERT INTO "NguoiDung" ("MaNguoiDung", "Email", "MatKhauHash", "HoTen", "VaiTro", "MaLop", "TrangThai") VALUES (13, 'gv.10d@school.edu.vn', 'gv123', 'Cô Hương - GVCN 10D', 'GIAO_VIEN', 4, TRUE) ON CONFLICT DO NOTHING;
INSERT INTO "NguoiDung" ("MaNguoiDung", "Email", "MatKhauHash", "HoTen", "VaiTro", "MaLop", "TrangThai") VALUES (14, 'minh.codo11a@school.edu.vn', 'codo123', 'Trịnh Đức Minh', 'CO_DO', 5, TRUE) ON CONFLICT DO NOTHING;
INSERT INTO "NguoiDung" ("MaNguoiDung", "Email", "MatKhauHash", "HoTen", "VaiTro", "MaLop", "TrangThai") VALUES (15, 'lan.codo11a@school.edu.vn', 'codo123', 'Nguyễn Thị Lan', 'CO_DO', 5, TRUE) ON CONFLICT DO NOTHING;
INSERT INTO "NguoiDung" ("MaNguoiDung", "Email", "MatKhauHash", "HoTen", "VaiTro", "MaLop", "TrangThai") VALUES (16, 'gv.11a@school.edu.vn', 'gv123', 'Cô Hương - GVCN 11A', 'GIAO_VIEN', 5, TRUE) ON CONFLICT DO NOTHING;
INSERT INTO "NguoiDung" ("MaNguoiDung", "Email", "MatKhauHash", "HoTen", "VaiTro", "MaLop", "TrangThai") VALUES (17, 'liem.codo11b@school.edu.vn', 'codo123', 'Phan Thanh Liêm', 'CO_DO', 6, TRUE) ON CONFLICT DO NOTHING;
INSERT INTO "NguoiDung" ("MaNguoiDung", "Email", "MatKhauHash", "HoTen", "VaiTro", "MaLop", "TrangThai") VALUES (18, 'mai.codo11b@school.edu.vn', 'codo123', 'Ngô Quỳnh Mai', 'CO_DO', 6, TRUE) ON CONFLICT DO NOTHING;
INSERT INTO "NguoiDung" ("MaNguoiDung", "Email", "MatKhauHash", "HoTen", "VaiTro", "MaLop", "TrangThai") VALUES (19, 'gv.11b@school.edu.vn', 'gv123', 'Cô Hương - GVCN 11B', 'GIAO_VIEN', 6, TRUE) ON CONFLICT DO NOTHING;
INSERT INTO "NguoiDung" ("MaNguoiDung", "Email", "MatKhauHash", "HoTen", "VaiTro", "MaLop", "TrangThai") VALUES (20, 'nam.codo11c@school.edu.vn', 'codo123', 'Đặng Hoài Nam', 'CO_DO', 7, TRUE) ON CONFLICT DO NOTHING;
INSERT INTO "NguoiDung" ("MaNguoiDung", "Email", "MatKhauHash", "HoTen", "VaiTro", "MaLop", "TrangThai") VALUES (21, 'oanh.codo11c@school.edu.vn', 'codo123', 'Võ Thị Oanh', 'CO_DO', 7, TRUE) ON CONFLICT DO NOTHING;
INSERT INTO "NguoiDung" ("MaNguoiDung", "Email", "MatKhauHash", "HoTen", "VaiTro", "MaLop", "TrangThai") VALUES (22, 'gv.11c@school.edu.vn', 'gv123', 'Cô Hương - GVCN 11C', 'GIAO_VIEN', 7, TRUE) ON CONFLICT DO NOTHING;
INSERT INTO "NguoiDung" ("MaNguoiDung", "Email", "MatKhauHash", "HoTen", "VaiTro", "MaLop", "TrangThai") VALUES (23, 'phuc.codo11d@school.edu.vn', 'codo123', 'Đỗ Hồng Phúc', 'CO_DO', 8, TRUE) ON CONFLICT DO NOTHING;
INSERT INTO "NguoiDung" ("MaNguoiDung", "Email", "MatKhauHash", "HoTen", "VaiTro", "MaLop", "TrangThai") VALUES (24, 'phuong.codo11d@school.edu.vn', 'codo123', 'Bùi Công Phượng', 'CO_DO', 8, TRUE) ON CONFLICT DO NOTHING;
INSERT INTO "NguoiDung" ("MaNguoiDung", "Email", "MatKhauHash", "HoTen", "VaiTro", "MaLop", "TrangThai") VALUES (25, 'gv.11d@school.edu.vn', 'gv123', 'Cô Hương - GVCN 11D', 'GIAO_VIEN', 8, TRUE) ON CONFLICT DO NOTHING;
INSERT INTO "NguoiDung" ("MaNguoiDung", "Email", "MatKhauHash", "HoTen", "VaiTro", "MaLop", "TrangThai") VALUES (26, 'quan.codo12a@school.edu.vn', 'codo123', 'Nguyễn Minh Quân', 'CO_DO', 9, TRUE) ON CONFLICT DO NOTHING;
INSERT INTO "NguoiDung" ("MaNguoiDung", "Email", "MatKhauHash", "HoTen", "VaiTro", "MaLop", "TrangThai") VALUES (27, 'son.codo12a@school.edu.vn', 'codo123', 'Lê Hồng Sơn', 'CO_DO', 9, TRUE) ON CONFLICT DO NOTHING;
INSERT INTO "NguoiDung" ("MaNguoiDung", "Email", "MatKhauHash", "HoTen", "VaiTro", "MaLop", "TrangThai") VALUES (28, 'gv.12a@school.edu.vn', 'gv123', 'Cô Hương - GVCN 12A', 'GIAO_VIEN', 9, TRUE) ON CONFLICT DO NOTHING;
INSERT INTO "NguoiDung" ("MaNguoiDung", "Email", "MatKhauHash", "HoTen", "VaiTro", "MaLop", "TrangThai") VALUES (29, 'tam.codo12b@school.edu.vn', 'codo123', 'Phạm Minh Tâm', 'CO_DO', 10, TRUE) ON CONFLICT DO NOTHING;
INSERT INTO "NguoiDung" ("MaNguoiDung", "Email", "MatKhauHash", "HoTen", "VaiTro", "MaLop", "TrangThai") VALUES (30, 'uyen.codo12b@school.edu.vn', 'codo123', 'Trần Thu Uyên', 'CO_DO', 10, TRUE) ON CONFLICT DO NOTHING;
INSERT INTO "NguoiDung" ("MaNguoiDung", "Email", "MatKhauHash", "HoTen", "VaiTro", "MaLop", "TrangThai") VALUES (31, 'gv.12b@school.edu.vn', 'gv123', 'Cô Hương - GVCN 12B', 'GIAO_VIEN', 10, TRUE) ON CONFLICT DO NOTHING;
INSERT INTO "NguoiDung" ("MaNguoiDung", "Email", "MatKhauHash", "HoTen", "VaiTro", "MaLop", "TrangThai") VALUES (32, 'viet.codo12c@school.edu.vn', 'codo123', 'Vũ Hữu Việt', 'CO_DO', 11, TRUE) ON CONFLICT DO NOTHING;
INSERT INTO "NguoiDung" ("MaNguoiDung", "Email", "MatKhauHash", "HoTen", "VaiTro", "MaLop", "TrangThai") VALUES (33, 'yen.codo12c@school.edu.vn', 'codo123', 'Nguyễn Hải Yến', 'CO_DO', 11, TRUE) ON CONFLICT DO NOTHING;
INSERT INTO "NguoiDung" ("MaNguoiDung", "Email", "MatKhauHash", "HoTen", "VaiTro", "MaLop", "TrangThai") VALUES (34, 'gv.12c@school.edu.vn', 'gv123', 'Cô Hương - GVCN 12C', 'GIAO_VIEN', 11, TRUE) ON CONFLICT DO NOTHING;
INSERT INTO "NguoiDung" ("MaNguoiDung", "Email", "MatKhauHash", "HoTen", "VaiTro", "MaLop", "TrangThai") VALUES (35, 'anh.codo12d@school.edu.vn', 'codo123', 'Hoàng Trọng Anh', 'CO_DO', 12, TRUE) ON CONFLICT DO NOTHING;
INSERT INTO "NguoiDung" ("MaNguoiDung", "Email", "MatKhauHash", "HoTen", "VaiTro", "MaLop", "TrangThai") VALUES (36, 'bao.codo12d@school.edu.vn', 'codo123', 'Đặng Quốc Bảo', 'CO_DO', 12, TRUE) ON CONFLICT DO NOTHING;
INSERT INTO "NguoiDung" ("MaNguoiDung", "Email", "MatKhauHash", "HoTen", "VaiTro", "MaLop", "TrangThai") VALUES (37, 'gv.12d@school.edu.vn', 'gv123', 'Cô Hương - GVCN 12D', 'GIAO_VIEN', 12, TRUE) ON CONFLICT DO NOTHING;
INSERT INTO "NguoiDung" ("MaNguoiDung", "Email", "MatKhauHash", "HoTen", "VaiTro", "MaLop", "TrangThai") VALUES (38, 'dung.codo12e@school.edu.vn', 'codo123', 'Bùi Tiến Dũng', 'CO_DO', 13, TRUE) ON CONFLICT DO NOTHING;
INSERT INTO "NguoiDung" ("MaNguoiDung", "Email", "MatKhauHash", "HoTen", "VaiTro", "MaLop", "TrangThai") VALUES (39, 'thang.codo12e@school.edu.vn', 'codo123', 'Nguyễn Hữu Thắng', 'CO_DO', 13, TRUE) ON CONFLICT DO NOTHING;
INSERT INTO "NguoiDung" ("MaNguoiDung", "Email", "MatKhauHash", "HoTen", "VaiTro", "MaLop", "TrangThai") VALUES (40, 'gv.12e@school.edu.vn', 'gv123', 'Cô Hương - GVCN 12E', 'GIAO_VIEN', 13, TRUE) ON CONFLICT DO NOTHING;

-- ============================================================================
-- BẢNG: PhanCongCoDo
-- ============================================================================
INSERT INTO "PhanCongCoDo" ("MaPhanCong", "MaNguoiDung", "MaTuan", "MaLop") VALUES (1, 2, 1, 2) ON CONFLICT DO NOTHING;
INSERT INTO "PhanCongCoDo" ("MaPhanCong", "MaNguoiDung", "MaTuan", "MaLop") VALUES (2, 3, 1, 3) ON CONFLICT DO NOTHING;
INSERT INTO "PhanCongCoDo" ("MaPhanCong", "MaNguoiDung", "MaTuan", "MaLop") VALUES (3, 5, 1, 3) ON CONFLICT DO NOTHING;
INSERT INTO "PhanCongCoDo" ("MaPhanCong", "MaNguoiDung", "MaTuan", "MaLop") VALUES (4, 6, 1, 4) ON CONFLICT DO NOTHING;
INSERT INTO "PhanCongCoDo" ("MaPhanCong", "MaNguoiDung", "MaTuan", "MaLop") VALUES (5, 8, 1, 4) ON CONFLICT DO NOTHING;
INSERT INTO "PhanCongCoDo" ("MaPhanCong", "MaNguoiDung", "MaTuan", "MaLop") VALUES (6, 9, 1, 5) ON CONFLICT DO NOTHING;
INSERT INTO "PhanCongCoDo" ("MaPhanCong", "MaNguoiDung", "MaTuan", "MaLop") VALUES (7, 11, 1, 5) ON CONFLICT DO NOTHING;
INSERT INTO "PhanCongCoDo" ("MaPhanCong", "MaNguoiDung", "MaTuan", "MaLop") VALUES (8, 12, 1, 6) ON CONFLICT DO NOTHING;
INSERT INTO "PhanCongCoDo" ("MaPhanCong", "MaNguoiDung", "MaTuan", "MaLop") VALUES (9, 14, 1, 6) ON CONFLICT DO NOTHING;
INSERT INTO "PhanCongCoDo" ("MaPhanCong", "MaNguoiDung", "MaTuan", "MaLop") VALUES (10, 15, 1, 7) ON CONFLICT DO NOTHING;
INSERT INTO "PhanCongCoDo" ("MaPhanCong", "MaNguoiDung", "MaTuan", "MaLop") VALUES (11, 17, 1, 7) ON CONFLICT DO NOTHING;
INSERT INTO "PhanCongCoDo" ("MaPhanCong", "MaNguoiDung", "MaTuan", "MaLop") VALUES (12, 18, 1, 8) ON CONFLICT DO NOTHING;
INSERT INTO "PhanCongCoDo" ("MaPhanCong", "MaNguoiDung", "MaTuan", "MaLop") VALUES (13, 20, 1, 8) ON CONFLICT DO NOTHING;
INSERT INTO "PhanCongCoDo" ("MaPhanCong", "MaNguoiDung", "MaTuan", "MaLop") VALUES (14, 21, 1, 9) ON CONFLICT DO NOTHING;
INSERT INTO "PhanCongCoDo" ("MaPhanCong", "MaNguoiDung", "MaTuan", "MaLop") VALUES (15, 23, 1, 9) ON CONFLICT DO NOTHING;
INSERT INTO "PhanCongCoDo" ("MaPhanCong", "MaNguoiDung", "MaTuan", "MaLop") VALUES (16, 24, 1, 10) ON CONFLICT DO NOTHING;
INSERT INTO "PhanCongCoDo" ("MaPhanCong", "MaNguoiDung", "MaTuan", "MaLop") VALUES (17, 26, 1, 10) ON CONFLICT DO NOTHING;
INSERT INTO "PhanCongCoDo" ("MaPhanCong", "MaNguoiDung", "MaTuan", "MaLop") VALUES (18, 27, 1, 11) ON CONFLICT DO NOTHING;
INSERT INTO "PhanCongCoDo" ("MaPhanCong", "MaNguoiDung", "MaTuan", "MaLop") VALUES (19, 29, 1, 11) ON CONFLICT DO NOTHING;
INSERT INTO "PhanCongCoDo" ("MaPhanCong", "MaNguoiDung", "MaTuan", "MaLop") VALUES (20, 30, 1, 12) ON CONFLICT DO NOTHING;
INSERT INTO "PhanCongCoDo" ("MaPhanCong", "MaNguoiDung", "MaTuan", "MaLop") VALUES (21, 32, 1, 12) ON CONFLICT DO NOTHING;
INSERT INTO "PhanCongCoDo" ("MaPhanCong", "MaNguoiDung", "MaTuan", "MaLop") VALUES (22, 33, 1, 13) ON CONFLICT DO NOTHING;
INSERT INTO "PhanCongCoDo" ("MaPhanCong", "MaNguoiDung", "MaTuan", "MaLop") VALUES (23, 35, 1, 13) ON CONFLICT DO NOTHING;
INSERT INTO "PhanCongCoDo" ("MaPhanCong", "MaNguoiDung", "MaTuan", "MaLop") VALUES (24, 36, 1, 1) ON CONFLICT DO NOTHING;
INSERT INTO "PhanCongCoDo" ("MaPhanCong", "MaNguoiDung", "MaTuan", "MaLop") VALUES (25, 38, 1, 1) ON CONFLICT DO NOTHING;
INSERT INTO "PhanCongCoDo" ("MaPhanCong", "MaNguoiDung", "MaTuan", "MaLop") VALUES (26, 39, 1, 2) ON CONFLICT DO NOTHING;
INSERT INTO "PhanCongCoDo" ("MaPhanCong", "MaNguoiDung", "MaTuan", "MaLop") VALUES (27, 2, 2, 4) ON CONFLICT DO NOTHING;
INSERT INTO "PhanCongCoDo" ("MaPhanCong", "MaNguoiDung", "MaTuan", "MaLop") VALUES (28, 3, 2, 5) ON CONFLICT DO NOTHING;
INSERT INTO "PhanCongCoDo" ("MaPhanCong", "MaNguoiDung", "MaTuan", "MaLop") VALUES (29, 5, 2, 5) ON CONFLICT DO NOTHING;
INSERT INTO "PhanCongCoDo" ("MaPhanCong", "MaNguoiDung", "MaTuan", "MaLop") VALUES (30, 6, 2, 6) ON CONFLICT DO NOTHING;
INSERT INTO "PhanCongCoDo" ("MaPhanCong", "MaNguoiDung", "MaTuan", "MaLop") VALUES (31, 8, 2, 6) ON CONFLICT DO NOTHING;
INSERT INTO "PhanCongCoDo" ("MaPhanCong", "MaNguoiDung", "MaTuan", "MaLop") VALUES (32, 9, 2, 7) ON CONFLICT DO NOTHING;
INSERT INTO "PhanCongCoDo" ("MaPhanCong", "MaNguoiDung", "MaTuan", "MaLop") VALUES (33, 11, 2, 7) ON CONFLICT DO NOTHING;
INSERT INTO "PhanCongCoDo" ("MaPhanCong", "MaNguoiDung", "MaTuan", "MaLop") VALUES (34, 12, 2, 8) ON CONFLICT DO NOTHING;
INSERT INTO "PhanCongCoDo" ("MaPhanCong", "MaNguoiDung", "MaTuan", "MaLop") VALUES (35, 14, 2, 8) ON CONFLICT DO NOTHING;
INSERT INTO "PhanCongCoDo" ("MaPhanCong", "MaNguoiDung", "MaTuan", "MaLop") VALUES (36, 15, 2, 9) ON CONFLICT DO NOTHING;
INSERT INTO "PhanCongCoDo" ("MaPhanCong", "MaNguoiDung", "MaTuan", "MaLop") VALUES (37, 17, 2, 9) ON CONFLICT DO NOTHING;
INSERT INTO "PhanCongCoDo" ("MaPhanCong", "MaNguoiDung", "MaTuan", "MaLop") VALUES (38, 18, 2, 10) ON CONFLICT DO NOTHING;
INSERT INTO "PhanCongCoDo" ("MaPhanCong", "MaNguoiDung", "MaTuan", "MaLop") VALUES (39, 20, 2, 10) ON CONFLICT DO NOTHING;
INSERT INTO "PhanCongCoDo" ("MaPhanCong", "MaNguoiDung", "MaTuan", "MaLop") VALUES (40, 21, 2, 11) ON CONFLICT DO NOTHING;
INSERT INTO "PhanCongCoDo" ("MaPhanCong", "MaNguoiDung", "MaTuan", "MaLop") VALUES (41, 23, 2, 11) ON CONFLICT DO NOTHING;
INSERT INTO "PhanCongCoDo" ("MaPhanCong", "MaNguoiDung", "MaTuan", "MaLop") VALUES (42, 24, 2, 12) ON CONFLICT DO NOTHING;
INSERT INTO "PhanCongCoDo" ("MaPhanCong", "MaNguoiDung", "MaTuan", "MaLop") VALUES (43, 26, 2, 12) ON CONFLICT DO NOTHING;
INSERT INTO "PhanCongCoDo" ("MaPhanCong", "MaNguoiDung", "MaTuan", "MaLop") VALUES (44, 27, 2, 13) ON CONFLICT DO NOTHING;
INSERT INTO "PhanCongCoDo" ("MaPhanCong", "MaNguoiDung", "MaTuan", "MaLop") VALUES (45, 29, 2, 13) ON CONFLICT DO NOTHING;
INSERT INTO "PhanCongCoDo" ("MaPhanCong", "MaNguoiDung", "MaTuan", "MaLop") VALUES (46, 30, 2, 1) ON CONFLICT DO NOTHING;
INSERT INTO "PhanCongCoDo" ("MaPhanCong", "MaNguoiDung", "MaTuan", "MaLop") VALUES (47, 32, 2, 1) ON CONFLICT DO NOTHING;
INSERT INTO "PhanCongCoDo" ("MaPhanCong", "MaNguoiDung", "MaTuan", "MaLop") VALUES (48, 33, 2, 2) ON CONFLICT DO NOTHING;
INSERT INTO "PhanCongCoDo" ("MaPhanCong", "MaNguoiDung", "MaTuan", "MaLop") VALUES (49, 35, 2, 2) ON CONFLICT DO NOTHING;
INSERT INTO "PhanCongCoDo" ("MaPhanCong", "MaNguoiDung", "MaTuan", "MaLop") VALUES (50, 36, 2, 3) ON CONFLICT DO NOTHING;
INSERT INTO "PhanCongCoDo" ("MaPhanCong", "MaNguoiDung", "MaTuan", "MaLop") VALUES (51, 38, 2, 3) ON CONFLICT DO NOTHING;
INSERT INTO "PhanCongCoDo" ("MaPhanCong", "MaNguoiDung", "MaTuan", "MaLop") VALUES (52, 39, 2, 4) ON CONFLICT DO NOTHING;
INSERT INTO "PhanCongCoDo" ("MaPhanCong", "MaNguoiDung", "MaTuan", "MaLop") VALUES (53, 2, 3, 6) ON CONFLICT DO NOTHING;
INSERT INTO "PhanCongCoDo" ("MaPhanCong", "MaNguoiDung", "MaTuan", "MaLop") VALUES (54, 3, 3, 7) ON CONFLICT DO NOTHING;
INSERT INTO "PhanCongCoDo" ("MaPhanCong", "MaNguoiDung", "MaTuan", "MaLop") VALUES (55, 5, 3, 7) ON CONFLICT DO NOTHING;
INSERT INTO "PhanCongCoDo" ("MaPhanCong", "MaNguoiDung", "MaTuan", "MaLop") VALUES (56, 6, 3, 8) ON CONFLICT DO NOTHING;
INSERT INTO "PhanCongCoDo" ("MaPhanCong", "MaNguoiDung", "MaTuan", "MaLop") VALUES (57, 8, 3, 8) ON CONFLICT DO NOTHING;
INSERT INTO "PhanCongCoDo" ("MaPhanCong", "MaNguoiDung", "MaTuan", "MaLop") VALUES (58, 9, 3, 9) ON CONFLICT DO NOTHING;
INSERT INTO "PhanCongCoDo" ("MaPhanCong", "MaNguoiDung", "MaTuan", "MaLop") VALUES (59, 11, 3, 9) ON CONFLICT DO NOTHING;
INSERT INTO "PhanCongCoDo" ("MaPhanCong", "MaNguoiDung", "MaTuan", "MaLop") VALUES (60, 12, 3, 10) ON CONFLICT DO NOTHING;
INSERT INTO "PhanCongCoDo" ("MaPhanCong", "MaNguoiDung", "MaTuan", "MaLop") VALUES (61, 14, 3, 10) ON CONFLICT DO NOTHING;
INSERT INTO "PhanCongCoDo" ("MaPhanCong", "MaNguoiDung", "MaTuan", "MaLop") VALUES (62, 15, 3, 11) ON CONFLICT DO NOTHING;
INSERT INTO "PhanCongCoDo" ("MaPhanCong", "MaNguoiDung", "MaTuan", "MaLop") VALUES (63, 17, 3, 11) ON CONFLICT DO NOTHING;
INSERT INTO "PhanCongCoDo" ("MaPhanCong", "MaNguoiDung", "MaTuan", "MaLop") VALUES (64, 18, 3, 12) ON CONFLICT DO NOTHING;
INSERT INTO "PhanCongCoDo" ("MaPhanCong", "MaNguoiDung", "MaTuan", "MaLop") VALUES (65, 20, 3, 12) ON CONFLICT DO NOTHING;
INSERT INTO "PhanCongCoDo" ("MaPhanCong", "MaNguoiDung", "MaTuan", "MaLop") VALUES (66, 21, 3, 13) ON CONFLICT DO NOTHING;
INSERT INTO "PhanCongCoDo" ("MaPhanCong", "MaNguoiDung", "MaTuan", "MaLop") VALUES (67, 23, 3, 13) ON CONFLICT DO NOTHING;
INSERT INTO "PhanCongCoDo" ("MaPhanCong", "MaNguoiDung", "MaTuan", "MaLop") VALUES (68, 24, 3, 1) ON CONFLICT DO NOTHING;
INSERT INTO "PhanCongCoDo" ("MaPhanCong", "MaNguoiDung", "MaTuan", "MaLop") VALUES (69, 26, 3, 1) ON CONFLICT DO NOTHING;
INSERT INTO "PhanCongCoDo" ("MaPhanCong", "MaNguoiDung", "MaTuan", "MaLop") VALUES (70, 27, 3, 2) ON CONFLICT DO NOTHING;
INSERT INTO "PhanCongCoDo" ("MaPhanCong", "MaNguoiDung", "MaTuan", "MaLop") VALUES (71, 29, 3, 2) ON CONFLICT DO NOTHING;
INSERT INTO "PhanCongCoDo" ("MaPhanCong", "MaNguoiDung", "MaTuan", "MaLop") VALUES (72, 30, 3, 3) ON CONFLICT DO NOTHING;
INSERT INTO "PhanCongCoDo" ("MaPhanCong", "MaNguoiDung", "MaTuan", "MaLop") VALUES (73, 32, 3, 3) ON CONFLICT DO NOTHING;
INSERT INTO "PhanCongCoDo" ("MaPhanCong", "MaNguoiDung", "MaTuan", "MaLop") VALUES (74, 33, 3, 4) ON CONFLICT DO NOTHING;
INSERT INTO "PhanCongCoDo" ("MaPhanCong", "MaNguoiDung", "MaTuan", "MaLop") VALUES (75, 35, 3, 4) ON CONFLICT DO NOTHING;
INSERT INTO "PhanCongCoDo" ("MaPhanCong", "MaNguoiDung", "MaTuan", "MaLop") VALUES (76, 36, 3, 5) ON CONFLICT DO NOTHING;
INSERT INTO "PhanCongCoDo" ("MaPhanCong", "MaNguoiDung", "MaTuan", "MaLop") VALUES (77, 38, 3, 5) ON CONFLICT DO NOTHING;
INSERT INTO "PhanCongCoDo" ("MaPhanCong", "MaNguoiDung", "MaTuan", "MaLop") VALUES (78, 39, 3, 6) ON CONFLICT DO NOTHING;

-- ============================================================================
-- BẢNG: ChiTietViPhamHocSinh
-- ============================================================================
INSERT INTO "ChiTietViPhamHocSinh" ("MaChiTiet", "MaLop", "MaHocSinh", "MaTieuChi", "MaTuan", "ThuTrongTuan", "MaNguoiDungGhiNhan", "GhiChuChiTiet") VALUES (1, 1, 1, 5, 1, 2, 36, 'Đi học muộn') ON CONFLICT DO NOTHING;
INSERT INTO "ChiTietViPhamHocSinh" ("MaChiTiet", "MaLop", "MaHocSinh", "MaTieuChi", "MaTuan", "ThuTrongTuan", "MaNguoiDungGhiNhan", "GhiChuChiTiet") VALUES (2, 1, 2, 5, 1, 3, 36, 'Đi học muộn') ON CONFLICT DO NOTHING;
INSERT INTO "ChiTietViPhamHocSinh" ("MaChiTiet", "MaLop", "MaHocSinh", "MaTieuChi", "MaTuan", "ThuTrongTuan", "MaNguoiDungGhiNhan", "GhiChuChiTiet") VALUES (3, 2, 21, 5, 1, 2, 2, 'Đi học muộn') ON CONFLICT DO NOTHING;
INSERT INTO "ChiTietViPhamHocSinh" ("MaChiTiet", "MaLop", "MaHocSinh", "MaTieuChi", "MaTuan", "ThuTrongTuan", "MaNguoiDungGhiNhan", "GhiChuChiTiet") VALUES (4, 2, 22, 5, 1, 3, 2, 'Đi học muộn') ON CONFLICT DO NOTHING;
INSERT INTO "ChiTietViPhamHocSinh" ("MaChiTiet", "MaLop", "MaHocSinh", "MaTieuChi", "MaTuan", "ThuTrongTuan", "MaNguoiDungGhiNhan", "GhiChuChiTiet") VALUES (5, 3, 41, 5, 1, 2, 3, 'Đi học muộn') ON CONFLICT DO NOTHING;
INSERT INTO "ChiTietViPhamHocSinh" ("MaChiTiet", "MaLop", "MaHocSinh", "MaTieuChi", "MaTuan", "ThuTrongTuan", "MaNguoiDungGhiNhan", "GhiChuChiTiet") VALUES (6, 3, 42, 5, 1, 3, 3, 'Đi học muộn') ON CONFLICT DO NOTHING;
INSERT INTO "ChiTietViPhamHocSinh" ("MaChiTiet", "MaLop", "MaHocSinh", "MaTieuChi", "MaTuan", "ThuTrongTuan", "MaNguoiDungGhiNhan", "GhiChuChiTiet") VALUES (7, 3, 43, 5, 1, 4, 3, 'Đi học muộn') ON CONFLICT DO NOTHING;
INSERT INTO "ChiTietViPhamHocSinh" ("MaChiTiet", "MaLop", "MaHocSinh", "MaTieuChi", "MaTuan", "ThuTrongTuan", "MaNguoiDungGhiNhan", "GhiChuChiTiet") VALUES (8, 5, 81, 5, 1, 2, 9, 'Đi học muộn') ON CONFLICT DO NOTHING;
INSERT INTO "ChiTietViPhamHocSinh" ("MaChiTiet", "MaLop", "MaHocSinh", "MaTieuChi", "MaTuan", "ThuTrongTuan", "MaNguoiDungGhiNhan", "GhiChuChiTiet") VALUES (9, 5, 82, 5, 1, 3, 9, 'Đi học muộn') ON CONFLICT DO NOTHING;
INSERT INTO "ChiTietViPhamHocSinh" ("MaChiTiet", "MaLop", "MaHocSinh", "MaTieuChi", "MaTuan", "ThuTrongTuan", "MaNguoiDungGhiNhan", "GhiChuChiTiet") VALUES (10, 7, 121, 5, 1, 2, 15, 'Đi muộn nề nếp') ON CONFLICT DO NOTHING;
INSERT INTO "ChiTietViPhamHocSinh" ("MaChiTiet", "MaLop", "MaHocSinh", "MaTieuChi", "MaTuan", "ThuTrongTuan", "MaNguoiDungGhiNhan", "GhiChuChiTiet") VALUES (11, 7, 122, 5, 1, 3, 15, 'Đi muộn nề nếp') ON CONFLICT DO NOTHING;
INSERT INTO "ChiTietViPhamHocSinh" ("MaChiTiet", "MaLop", "MaHocSinh", "MaTieuChi", "MaTuan", "ThuTrongTuan", "MaNguoiDungGhiNhan", "GhiChuChiTiet") VALUES (12, 7, 123, 5, 1, 4, 15, 'Đi muộn nề nếp') ON CONFLICT DO NOTHING;
INSERT INTO "ChiTietViPhamHocSinh" ("MaChiTiet", "MaLop", "MaHocSinh", "MaTieuChi", "MaTuan", "ThuTrongTuan", "MaNguoiDungGhiNhan", "GhiChuChiTiet") VALUES (13, 7, 124, 5, 1, 5, 15, 'Đi muộn nề nếp') ON CONFLICT DO NOTHING;
INSERT INTO "ChiTietViPhamHocSinh" ("MaChiTiet", "MaLop", "MaHocSinh", "MaTieuChi", "MaTuan", "ThuTrongTuan", "MaNguoiDungGhiNhan", "GhiChuChiTiet") VALUES (14, 7, 125, 5, 1, 6, 15, 'Đi muộn nề nếp') ON CONFLICT DO NOTHING;
INSERT INTO "ChiTietViPhamHocSinh" ("MaChiTiet", "MaLop", "MaHocSinh", "MaTieuChi", "MaTuan", "ThuTrongTuan", "MaNguoiDungGhiNhan", "GhiChuChiTiet") VALUES (15, 7, 126, 5, 1, 2, 15, 'Đi muộn nề nếp') ON CONFLICT DO NOTHING;
INSERT INTO "ChiTietViPhamHocSinh" ("MaChiTiet", "MaLop", "MaHocSinh", "MaTieuChi", "MaTuan", "ThuTrongTuan", "MaNguoiDungGhiNhan", "GhiChuChiTiet") VALUES (16, 7, 127, 5, 1, 3, 15, 'Đi muộn nề nếp') ON CONFLICT DO NOTHING;
INSERT INTO "ChiTietViPhamHocSinh" ("MaChiTiet", "MaLop", "MaHocSinh", "MaTieuChi", "MaTuan", "ThuTrongTuan", "MaNguoiDungGhiNhan", "GhiChuChiTiet") VALUES (17, 7, 128, 5, 1, 4, 15, 'Đi muộn nề nếp') ON CONFLICT DO NOTHING;
INSERT INTO "ChiTietViPhamHocSinh" ("MaChiTiet", "MaLop", "MaHocSinh", "MaTieuChi", "MaTuan", "ThuTrongTuan", "MaNguoiDungGhiNhan", "GhiChuChiTiet") VALUES (18, 7, 129, 5, 1, 5, 15, 'Đi muộn nề nếp') ON CONFLICT DO NOTHING;
INSERT INTO "ChiTietViPhamHocSinh" ("MaChiTiet", "MaLop", "MaHocSinh", "MaTieuChi", "MaTuan", "ThuTrongTuan", "MaNguoiDungGhiNhan", "GhiChuChiTiet") VALUES (19, 7, 130, 5, 1, 6, 15, 'Đi muộn nề nếp') ON CONFLICT DO NOTHING;
INSERT INTO "ChiTietViPhamHocSinh" ("MaChiTiet", "MaLop", "MaHocSinh", "MaTieuChi", "MaTuan", "ThuTrongTuan", "MaNguoiDungGhiNhan", "GhiChuChiTiet") VALUES (20, 7, 131, 5, 1, 2, 15, 'Đi muộn nề nếp') ON CONFLICT DO NOTHING;
INSERT INTO "ChiTietViPhamHocSinh" ("MaChiTiet", "MaLop", "MaHocSinh", "MaTieuChi", "MaTuan", "ThuTrongTuan", "MaNguoiDungGhiNhan", "GhiChuChiTiet") VALUES (21, 7, 132, 5, 1, 3, 15, 'Đi muộn nề nếp') ON CONFLICT DO NOTHING;
INSERT INTO "ChiTietViPhamHocSinh" ("MaChiTiet", "MaLop", "MaHocSinh", "MaTieuChi", "MaTuan", "ThuTrongTuan", "MaNguoiDungGhiNhan", "GhiChuChiTiet") VALUES (22, 7, 133, 5, 1, 4, 15, 'Đi muộn nề nếp') ON CONFLICT DO NOTHING;
INSERT INTO "ChiTietViPhamHocSinh" ("MaChiTiet", "MaLop", "MaHocSinh", "MaTieuChi", "MaTuan", "ThuTrongTuan", "MaNguoiDungGhiNhan", "GhiChuChiTiet") VALUES (23, 7, 134, 5, 1, 5, 15, 'Đi muộn nề nếp') ON CONFLICT DO NOTHING;
INSERT INTO "ChiTietViPhamHocSinh" ("MaChiTiet", "MaLop", "MaHocSinh", "MaTieuChi", "MaTuan", "ThuTrongTuan", "MaNguoiDungGhiNhan", "GhiChuChiTiet") VALUES (24, 7, 135, 5, 1, 6, 15, 'Đi muộn nề nếp') ON CONFLICT DO NOTHING;
INSERT INTO "ChiTietViPhamHocSinh" ("MaChiTiet", "MaLop", "MaHocSinh", "MaTieuChi", "MaTuan", "ThuTrongTuan", "MaNguoiDungGhiNhan", "GhiChuChiTiet") VALUES (25, 7, 123, 11, 1, 4, 15, 'Làm hỏng bàn ghế học sinh') ON CONFLICT DO NOTHING;
INSERT INTO "ChiTietViPhamHocSinh" ("MaChiTiet", "MaLop", "MaHocSinh", "MaTieuChi", "MaTuan", "ThuTrongTuan", "MaNguoiDungGhiNhan", "GhiChuChiTiet") VALUES (26, 7, 124, 12, 1, 5, 15, 'Cãi lời giáo viên bộ môn') ON CONFLICT DO NOTHING;
INSERT INTO "ChiTietViPhamHocSinh" ("MaChiTiet", "MaLop", "MaHocSinh", "MaTieuChi", "MaTuan", "ThuTrongTuan", "MaNguoiDungGhiNhan", "GhiChuChiTiet") VALUES (27, 8, 141, 5, 1, 2, 18, 'Đi học muộn') ON CONFLICT DO NOTHING;
INSERT INTO "ChiTietViPhamHocSinh" ("MaChiTiet", "MaLop", "MaHocSinh", "MaTieuChi", "MaTuan", "ThuTrongTuan", "MaNguoiDungGhiNhan", "GhiChuChiTiet") VALUES (28, 8, 142, 5, 1, 3, 18, 'Đi học muộn') ON CONFLICT DO NOTHING;
INSERT INTO "ChiTietViPhamHocSinh" ("MaChiTiet", "MaLop", "MaHocSinh", "MaTieuChi", "MaTuan", "ThuTrongTuan", "MaNguoiDungGhiNhan", "GhiChuChiTiet") VALUES (29, 8, 143, 5, 1, 4, 18, 'Đi học muộn') ON CONFLICT DO NOTHING;
INSERT INTO "ChiTietViPhamHocSinh" ("MaChiTiet", "MaLop", "MaHocSinh", "MaTieuChi", "MaTuan", "ThuTrongTuan", "MaNguoiDungGhiNhan", "GhiChuChiTiet") VALUES (30, 9, 171, 17, 1, 5, 21, 'Sử dụng điện thoại') ON CONFLICT DO NOTHING;
INSERT INTO "ChiTietViPhamHocSinh" ("MaChiTiet", "MaLop", "MaHocSinh", "MaTieuChi", "MaTuan", "ThuTrongTuan", "MaNguoiDungGhiNhan", "GhiChuChiTiet") VALUES (31, 9, 172, 14, 1, 6, 21, 'Không đội mũ bảo hiểm') ON CONFLICT DO NOTHING;
INSERT INTO "ChiTietViPhamHocSinh" ("MaChiTiet", "MaLop", "MaHocSinh", "MaTieuChi", "MaTuan", "ThuTrongTuan", "MaNguoiDungGhiNhan", "GhiChuChiTiet") VALUES (32, 10, NULL, 3, 1, 3, 24, 'Tập thể dục lộn xộn') ON CONFLICT DO NOTHING;
INSERT INTO "ChiTietViPhamHocSinh" ("MaChiTiet", "MaLop", "MaHocSinh", "MaTieuChi", "MaTuan", "ThuTrongTuan", "MaNguoiDungGhiNhan", "GhiChuChiTiet") VALUES (33, 10, 186, 5, 1, 3, 24, 'Đi học muộn') ON CONFLICT DO NOTHING;
INSERT INTO "ChiTietViPhamHocSinh" ("MaChiTiet", "MaLop", "MaHocSinh", "MaTieuChi", "MaTuan", "ThuTrongTuan", "MaNguoiDungGhiNhan", "GhiChuChiTiet") VALUES (34, 10, 187, 29, 1, 5, 24, 'Ngủ gật trong giờ') ON CONFLICT DO NOTHING;
INSERT INTO "ChiTietViPhamHocSinh" ("MaChiTiet", "MaLop", "MaHocSinh", "MaTieuChi", "MaTuan", "ThuTrongTuan", "MaNguoiDungGhiNhan", "GhiChuChiTiet") VALUES (35, 11, 201, 5, 1, 2, 27, 'Đi học muộn') ON CONFLICT DO NOTHING;
INSERT INTO "ChiTietViPhamHocSinh" ("MaChiTiet", "MaLop", "MaHocSinh", "MaTieuChi", "MaTuan", "ThuTrongTuan", "MaNguoiDungGhiNhan", "GhiChuChiTiet") VALUES (36, 11, 202, 5, 1, 3, 27, 'Đi học muộn') ON CONFLICT DO NOTHING;
INSERT INTO "ChiTietViPhamHocSinh" ("MaChiTiet", "MaLop", "MaHocSinh", "MaTieuChi", "MaTuan", "ThuTrongTuan", "MaNguoiDungGhiNhan", "GhiChuChiTiet") VALUES (37, 11, 203, 5, 1, 4, 27, 'Đi học muộn') ON CONFLICT DO NOTHING;
INSERT INTO "ChiTietViPhamHocSinh" ("MaChiTiet", "MaLop", "MaHocSinh", "MaTieuChi", "MaTuan", "ThuTrongTuan", "MaNguoiDungGhiNhan", "GhiChuChiTiet") VALUES (38, 12, NULL, 6, 1, 2, 30, 'Vệ sinh lớp muộn') ON CONFLICT DO NOTHING;
INSERT INTO "ChiTietViPhamHocSinh" ("MaChiTiet", "MaLop", "MaHocSinh", "MaTieuChi", "MaTuan", "ThuTrongTuan", "MaNguoiDungGhiNhan", "GhiChuChiTiet") VALUES (39, 12, 223, 5, 1, 2, 30, 'Đi học muộn 10 phút') ON CONFLICT DO NOTHING;
INSERT INTO "ChiTietViPhamHocSinh" ("MaChiTiet", "MaLop", "MaHocSinh", "MaTieuChi", "MaTuan", "ThuTrongTuan", "MaNguoiDungGhiNhan", "GhiChuChiTiet") VALUES (40, 12, 224, 26, 1, 4, 30, 'Không đeo thẻ học sinh') ON CONFLICT DO NOTHING;
INSERT INTO "ChiTietViPhamHocSinh" ("MaChiTiet", "MaLop", "MaHocSinh", "MaTieuChi", "MaTuan", "ThuTrongTuan", "MaNguoiDungGhiNhan", "GhiChuChiTiet") VALUES (41, 12, 225, 26, 1, 4, 30, 'Không đeo thẻ học sinh') ON CONFLICT DO NOTHING;
INSERT INTO "ChiTietViPhamHocSinh" ("MaChiTiet", "MaLop", "MaHocSinh", "MaTieuChi", "MaTuan", "ThuTrongTuan", "MaNguoiDungGhiNhan", "GhiChuChiTiet") VALUES (42, 13, 241, 5, 1, 2, 33, 'Đi học muộn') ON CONFLICT DO NOTHING;
INSERT INTO "ChiTietViPhamHocSinh" ("MaChiTiet", "MaLop", "MaHocSinh", "MaTieuChi", "MaTuan", "ThuTrongTuan", "MaNguoiDungGhiNhan", "GhiChuChiTiet") VALUES (43, 13, 242, 5, 1, 3, 33, 'Đi học muộn') ON CONFLICT DO NOTHING;

-- ============================================================================
-- BẢNG: ChiTietThanhTichHocSinh
-- ============================================================================
INSERT INTO "ChiTietThanhTichHocSinh" ("MaChiTietThanhTich", "MaLop", "MaHocSinh", "MaTieuChi", "MaTuan", "ThuTrongTuan", "MonHoc", "MaNguoiDungGhiNhan", "GhiChu") VALUES (1, 1, NULL, 103, 1, 2, 'Tin học', 36, 'Lớp học tốt') ON CONFLICT DO NOTHING;
INSERT INTO "ChiTietThanhTichHocSinh" ("MaChiTietThanhTich", "MaLop", "MaHocSinh", "MaTieuChi", "MaTuan", "ThuTrongTuan", "MonHoc", "MaNguoiDungGhiNhan", "GhiChu") VALUES (2, 1, NULL, 103, 1, 3, 'Tin học', 36, 'Lớp học tốt') ON CONFLICT DO NOTHING;
INSERT INTO "ChiTietThanhTichHocSinh" ("MaChiTietThanhTich", "MaLop", "MaHocSinh", "MaTieuChi", "MaTuan", "ThuTrongTuan", "MonHoc", "MaNguoiDungGhiNhan", "GhiChu") VALUES (3, 1, NULL, 103, 1, 4, 'Tin học', 36, 'Lớp học tốt') ON CONFLICT DO NOTHING;
INSERT INTO "ChiTietThanhTichHocSinh" ("MaChiTietThanhTich", "MaLop", "MaHocSinh", "MaTieuChi", "MaTuan", "ThuTrongTuan", "MonHoc", "MaNguoiDungGhiNhan", "GhiChu") VALUES (4, 1, NULL, 103, 1, 5, 'Tin học', 36, 'Lớp học tốt') ON CONFLICT DO NOTHING;
INSERT INTO "ChiTietThanhTichHocSinh" ("MaChiTietThanhTich", "MaLop", "MaHocSinh", "MaTieuChi", "MaTuan", "ThuTrongTuan", "MonHoc", "MaNguoiDungGhiNhan", "GhiChu") VALUES (5, 1, NULL, 103, 1, 6, 'Tin học', 36, 'Lớp học tốt') ON CONFLICT DO NOTHING;
INSERT INTO "ChiTietThanhTichHocSinh" ("MaChiTietThanhTich", "MaLop", "MaHocSinh", "MaTieuChi", "MaTuan", "ThuTrongTuan", "MonHoc", "MaNguoiDungGhiNhan", "GhiChu") VALUES (6, 2, NULL, 103, 1, 2, 'Tin học', 2, 'Lớp học tốt') ON CONFLICT DO NOTHING;
INSERT INTO "ChiTietThanhTichHocSinh" ("MaChiTietThanhTich", "MaLop", "MaHocSinh", "MaTieuChi", "MaTuan", "ThuTrongTuan", "MonHoc", "MaNguoiDungGhiNhan", "GhiChu") VALUES (7, 2, NULL, 103, 1, 3, 'Tin học', 2, 'Lớp học tốt') ON CONFLICT DO NOTHING;
INSERT INTO "ChiTietThanhTichHocSinh" ("MaChiTietThanhTich", "MaLop", "MaHocSinh", "MaTieuChi", "MaTuan", "ThuTrongTuan", "MonHoc", "MaNguoiDungGhiNhan", "GhiChu") VALUES (8, 2, NULL, 103, 1, 4, 'Tin học', 2, 'Lớp học tốt') ON CONFLICT DO NOTHING;
INSERT INTO "ChiTietThanhTichHocSinh" ("MaChiTietThanhTich", "MaLop", "MaHocSinh", "MaTieuChi", "MaTuan", "ThuTrongTuan", "MonHoc", "MaNguoiDungGhiNhan", "GhiChu") VALUES (9, 2, NULL, 103, 1, 5, 'Tin học', 2, 'Lớp học tốt') ON CONFLICT DO NOTHING;
INSERT INTO "ChiTietThanhTichHocSinh" ("MaChiTietThanhTich", "MaLop", "MaHocSinh", "MaTieuChi", "MaTuan", "ThuTrongTuan", "MonHoc", "MaNguoiDungGhiNhan", "GhiChu") VALUES (10, 2, NULL, 103, 1, 6, 'Tin học', 2, 'Lớp học tốt') ON CONFLICT DO NOTHING;
INSERT INTO "ChiTietThanhTichHocSinh" ("MaChiTietThanhTich", "MaLop", "MaHocSinh", "MaTieuChi", "MaTuan", "ThuTrongTuan", "MonHoc", "MaNguoiDungGhiNhan", "GhiChu") VALUES (11, 2, NULL, 103, 1, 2, 'Tin học', 2, 'Lớp học tốt') ON CONFLICT DO NOTHING;
INSERT INTO "ChiTietThanhTichHocSinh" ("MaChiTietThanhTich", "MaLop", "MaHocSinh", "MaTieuChi", "MaTuan", "ThuTrongTuan", "MonHoc", "MaNguoiDungGhiNhan", "GhiChu") VALUES (12, 3, NULL, 103, 1, 2, 'Tin học', 3, 'Lớp học tốt') ON CONFLICT DO NOTHING;
INSERT INTO "ChiTietThanhTichHocSinh" ("MaChiTietThanhTich", "MaLop", "MaHocSinh", "MaTieuChi", "MaTuan", "ThuTrongTuan", "MonHoc", "MaNguoiDungGhiNhan", "GhiChu") VALUES (13, 3, NULL, 103, 1, 3, 'Tin học', 3, 'Lớp học tốt') ON CONFLICT DO NOTHING;
INSERT INTO "ChiTietThanhTichHocSinh" ("MaChiTietThanhTich", "MaLop", "MaHocSinh", "MaTieuChi", "MaTuan", "ThuTrongTuan", "MonHoc", "MaNguoiDungGhiNhan", "GhiChu") VALUES (14, 3, NULL, 103, 1, 4, 'Tin học', 3, 'Lớp học tốt') ON CONFLICT DO NOTHING;
INSERT INTO "ChiTietThanhTichHocSinh" ("MaChiTietThanhTich", "MaLop", "MaHocSinh", "MaTieuChi", "MaTuan", "ThuTrongTuan", "MonHoc", "MaNguoiDungGhiNhan", "GhiChu") VALUES (15, 3, NULL, 103, 1, 5, 'Tin học', 3, 'Lớp học tốt') ON CONFLICT DO NOTHING;
INSERT INTO "ChiTietThanhTichHocSinh" ("MaChiTietThanhTich", "MaLop", "MaHocSinh", "MaTieuChi", "MaTuan", "ThuTrongTuan", "MonHoc", "MaNguoiDungGhiNhan", "GhiChu") VALUES (16, 3, NULL, 103, 1, 6, 'Tin học', 3, 'Lớp học tốt') ON CONFLICT DO NOTHING;
INSERT INTO "ChiTietThanhTichHocSinh" ("MaChiTietThanhTich", "MaLop", "MaHocSinh", "MaTieuChi", "MaTuan", "ThuTrongTuan", "MonHoc", "MaNguoiDungGhiNhan", "GhiChu") VALUES (17, 3, NULL, 103, 1, 2, 'Tin học', 3, 'Lớp học tốt') ON CONFLICT DO NOTHING;
INSERT INTO "ChiTietThanhTichHocSinh" ("MaChiTietThanhTich", "MaLop", "MaHocSinh", "MaTieuChi", "MaTuan", "ThuTrongTuan", "MonHoc", "MaNguoiDungGhiNhan", "GhiChu") VALUES (18, 3, NULL, 103, 1, 3, 'Tin học', 3, 'Lớp học tốt') ON CONFLICT DO NOTHING;
INSERT INTO "ChiTietThanhTichHocSinh" ("MaChiTietThanhTich", "MaLop", "MaHocSinh", "MaTieuChi", "MaTuan", "ThuTrongTuan", "MonHoc", "MaNguoiDungGhiNhan", "GhiChu") VALUES (19, 3, NULL, 103, 1, 4, 'Tin học', 3, 'Lớp học tốt') ON CONFLICT DO NOTHING;
INSERT INTO "ChiTietThanhTichHocSinh" ("MaChiTietThanhTich", "MaLop", "MaHocSinh", "MaTieuChi", "MaTuan", "ThuTrongTuan", "MonHoc", "MaNguoiDungGhiNhan", "GhiChu") VALUES (20, 3, NULL, 103, 1, 5, 'Tin học', 3, 'Lớp học tốt') ON CONFLICT DO NOTHING;
INSERT INTO "ChiTietThanhTichHocSinh" ("MaChiTietThanhTich", "MaLop", "MaHocSinh", "MaTieuChi", "MaTuan", "ThuTrongTuan", "MonHoc", "MaNguoiDungGhiNhan", "GhiChu") VALUES (21, 3, NULL, 103, 1, 6, 'Tin học', 3, 'Lớp học tốt') ON CONFLICT DO NOTHING;
INSERT INTO "ChiTietThanhTichHocSinh" ("MaChiTietThanhTich", "MaLop", "MaHocSinh", "MaTieuChi", "MaTuan", "ThuTrongTuan", "MonHoc", "MaNguoiDungGhiNhan", "GhiChu") VALUES (22, 3, NULL, 103, 1, 2, 'Tin học', 3, 'Lớp học tốt') ON CONFLICT DO NOTHING;
INSERT INTO "ChiTietThanhTichHocSinh" ("MaChiTietThanhTich", "MaLop", "MaHocSinh", "MaTieuChi", "MaTuan", "ThuTrongTuan", "MonHoc", "MaNguoiDungGhiNhan", "GhiChu") VALUES (23, 3, NULL, 103, 1, 3, 'Tin học', 3, 'Lớp học tốt') ON CONFLICT DO NOTHING;
INSERT INTO "ChiTietThanhTichHocSinh" ("MaChiTietThanhTich", "MaLop", "MaHocSinh", "MaTieuChi", "MaTuan", "ThuTrongTuan", "MonHoc", "MaNguoiDungGhiNhan", "GhiChu") VALUES (24, 4, NULL, 103, 1, 2, 'Tin học', 6, 'Lớp học tốt') ON CONFLICT DO NOTHING;
INSERT INTO "ChiTietThanhTichHocSinh" ("MaChiTietThanhTich", "MaLop", "MaHocSinh", "MaTieuChi", "MaTuan", "ThuTrongTuan", "MonHoc", "MaNguoiDungGhiNhan", "GhiChu") VALUES (25, 4, NULL, 103, 1, 3, 'Tin học', 6, 'Lớp học tốt') ON CONFLICT DO NOTHING;
INSERT INTO "ChiTietThanhTichHocSinh" ("MaChiTietThanhTich", "MaLop", "MaHocSinh", "MaTieuChi", "MaTuan", "ThuTrongTuan", "MonHoc", "MaNguoiDungGhiNhan", "GhiChu") VALUES (26, 4, NULL, 103, 1, 4, 'Tin học', 6, 'Lớp học tốt') ON CONFLICT DO NOTHING;
INSERT INTO "ChiTietThanhTichHocSinh" ("MaChiTietThanhTich", "MaLop", "MaHocSinh", "MaTieuChi", "MaTuan", "ThuTrongTuan", "MonHoc", "MaNguoiDungGhiNhan", "GhiChu") VALUES (27, 4, NULL, 103, 1, 5, 'Tin học', 6, 'Lớp học tốt') ON CONFLICT DO NOTHING;
INSERT INTO "ChiTietThanhTichHocSinh" ("MaChiTietThanhTich", "MaLop", "MaHocSinh", "MaTieuChi", "MaTuan", "ThuTrongTuan", "MonHoc", "MaNguoiDungGhiNhan", "GhiChu") VALUES (28, 4, NULL, 103, 1, 6, 'Tin học', 6, 'Lớp học tốt') ON CONFLICT DO NOTHING;
INSERT INTO "ChiTietThanhTichHocSinh" ("MaChiTietThanhTich", "MaLop", "MaHocSinh", "MaTieuChi", "MaTuan", "ThuTrongTuan", "MonHoc", "MaNguoiDungGhiNhan", "GhiChu") VALUES (29, 5, NULL, 103, 1, 2, 'Tin học', 9, 'Lớp học tốt') ON CONFLICT DO NOTHING;
INSERT INTO "ChiTietThanhTichHocSinh" ("MaChiTietThanhTich", "MaLop", "MaHocSinh", "MaTieuChi", "MaTuan", "ThuTrongTuan", "MonHoc", "MaNguoiDungGhiNhan", "GhiChu") VALUES (30, 5, NULL, 103, 1, 3, 'Tin học', 9, 'Lớp học tốt') ON CONFLICT DO NOTHING;
INSERT INTO "ChiTietThanhTichHocSinh" ("MaChiTietThanhTich", "MaLop", "MaHocSinh", "MaTieuChi", "MaTuan", "ThuTrongTuan", "MonHoc", "MaNguoiDungGhiNhan", "GhiChu") VALUES (31, 5, NULL, 103, 1, 4, 'Tin học', 9, 'Lớp học tốt') ON CONFLICT DO NOTHING;
INSERT INTO "ChiTietThanhTichHocSinh" ("MaChiTietThanhTich", "MaLop", "MaHocSinh", "MaTieuChi", "MaTuan", "ThuTrongTuan", "MonHoc", "MaNguoiDungGhiNhan", "GhiChu") VALUES (32, 5, NULL, 103, 1, 5, 'Tin học', 9, 'Lớp học tốt') ON CONFLICT DO NOTHING;
INSERT INTO "ChiTietThanhTichHocSinh" ("MaChiTietThanhTich", "MaLop", "MaHocSinh", "MaTieuChi", "MaTuan", "ThuTrongTuan", "MonHoc", "MaNguoiDungGhiNhan", "GhiChu") VALUES (33, 5, NULL, 103, 1, 6, 'Tin học', 9, 'Lớp học tốt') ON CONFLICT DO NOTHING;
INSERT INTO "ChiTietThanhTichHocSinh" ("MaChiTietThanhTich", "MaLop", "MaHocSinh", "MaTieuChi", "MaTuan", "ThuTrongTuan", "MonHoc", "MaNguoiDungGhiNhan", "GhiChu") VALUES (34, 5, NULL, 103, 1, 2, 'Tin học', 9, 'Lớp học tốt') ON CONFLICT DO NOTHING;
INSERT INTO "ChiTietThanhTichHocSinh" ("MaChiTietThanhTich", "MaLop", "MaHocSinh", "MaTieuChi", "MaTuan", "ThuTrongTuan", "MonHoc", "MaNguoiDungGhiNhan", "GhiChu") VALUES (35, 5, NULL, 103, 1, 3, 'Tin học', 9, 'Lớp học tốt') ON CONFLICT DO NOTHING;
INSERT INTO "ChiTietThanhTichHocSinh" ("MaChiTietThanhTich", "MaLop", "MaHocSinh", "MaTieuChi", "MaTuan", "ThuTrongTuan", "MonHoc", "MaNguoiDungGhiNhan", "GhiChu") VALUES (36, 5, NULL, 103, 1, 4, 'Tin học', 9, 'Lớp học tốt') ON CONFLICT DO NOTHING;
INSERT INTO "ChiTietThanhTichHocSinh" ("MaChiTietThanhTich", "MaLop", "MaHocSinh", "MaTieuChi", "MaTuan", "ThuTrongTuan", "MonHoc", "MaNguoiDungGhiNhan", "GhiChu") VALUES (37, 5, NULL, 103, 1, 5, 'Tin học', 9, 'Lớp học tốt') ON CONFLICT DO NOTHING;
INSERT INTO "ChiTietThanhTichHocSinh" ("MaChiTietThanhTich", "MaLop", "MaHocSinh", "MaTieuChi", "MaTuan", "ThuTrongTuan", "MonHoc", "MaNguoiDungGhiNhan", "GhiChu") VALUES (38, 5, NULL, 103, 1, 6, 'Tin học', 9, 'Lớp học tốt') ON CONFLICT DO NOTHING;
INSERT INTO "ChiTietThanhTichHocSinh" ("MaChiTietThanhTich", "MaLop", "MaHocSinh", "MaTieuChi", "MaTuan", "ThuTrongTuan", "MonHoc", "MaNguoiDungGhiNhan", "GhiChu") VALUES (39, 6, NULL, 103, 1, 2, 'Tin học', 12, 'Lớp học tốt') ON CONFLICT DO NOTHING;
INSERT INTO "ChiTietThanhTichHocSinh" ("MaChiTietThanhTich", "MaLop", "MaHocSinh", "MaTieuChi", "MaTuan", "ThuTrongTuan", "MonHoc", "MaNguoiDungGhiNhan", "GhiChu") VALUES (40, 6, NULL, 103, 1, 3, 'Tin học', 12, 'Lớp học tốt') ON CONFLICT DO NOTHING;
INSERT INTO "ChiTietThanhTichHocSinh" ("MaChiTietThanhTich", "MaLop", "MaHocSinh", "MaTieuChi", "MaTuan", "ThuTrongTuan", "MonHoc", "MaNguoiDungGhiNhan", "GhiChu") VALUES (41, 6, NULL, 103, 1, 4, 'Tin học', 12, 'Lớp học tốt') ON CONFLICT DO NOTHING;
INSERT INTO "ChiTietThanhTichHocSinh" ("MaChiTietThanhTich", "MaLop", "MaHocSinh", "MaTieuChi", "MaTuan", "ThuTrongTuan", "MonHoc", "MaNguoiDungGhiNhan", "GhiChu") VALUES (42, 6, NULL, 103, 1, 5, 'Tin học', 12, 'Lớp học tốt') ON CONFLICT DO NOTHING;
INSERT INTO "ChiTietThanhTichHocSinh" ("MaChiTietThanhTich", "MaLop", "MaHocSinh", "MaTieuChi", "MaTuan", "ThuTrongTuan", "MonHoc", "MaNguoiDungGhiNhan", "GhiChu") VALUES (43, 6, NULL, 103, 1, 6, 'Tin học', 12, 'Lớp học tốt') ON CONFLICT DO NOTHING;
INSERT INTO "ChiTietThanhTichHocSinh" ("MaChiTietThanhTich", "MaLop", "MaHocSinh", "MaTieuChi", "MaTuan", "ThuTrongTuan", "MonHoc", "MaNguoiDungGhiNhan", "GhiChu") VALUES (44, 6, NULL, 103, 1, 2, 'Tin học', 12, 'Lớp học tốt') ON CONFLICT DO NOTHING;
INSERT INTO "ChiTietThanhTichHocSinh" ("MaChiTietThanhTich", "MaLop", "MaHocSinh", "MaTieuChi", "MaTuan", "ThuTrongTuan", "MonHoc", "MaNguoiDungGhiNhan", "GhiChu") VALUES (45, 8, NULL, 103, 1, 2, 'Tin học', 18, 'Lớp học tốt') ON CONFLICT DO NOTHING;
INSERT INTO "ChiTietThanhTichHocSinh" ("MaChiTietThanhTich", "MaLop", "MaHocSinh", "MaTieuChi", "MaTuan", "ThuTrongTuan", "MonHoc", "MaNguoiDungGhiNhan", "GhiChu") VALUES (46, 8, NULL, 103, 1, 3, 'Tin học', 18, 'Lớp học tốt') ON CONFLICT DO NOTHING;
INSERT INTO "ChiTietThanhTichHocSinh" ("MaChiTietThanhTich", "MaLop", "MaHocSinh", "MaTieuChi", "MaTuan", "ThuTrongTuan", "MonHoc", "MaNguoiDungGhiNhan", "GhiChu") VALUES (47, 8, NULL, 103, 1, 4, 'Tin học', 18, 'Lớp học tốt') ON CONFLICT DO NOTHING;
INSERT INTO "ChiTietThanhTichHocSinh" ("MaChiTietThanhTich", "MaLop", "MaHocSinh", "MaTieuChi", "MaTuan", "ThuTrongTuan", "MonHoc", "MaNguoiDungGhiNhan", "GhiChu") VALUES (48, 8, NULL, 103, 1, 5, 'Tin học', 18, 'Lớp học tốt') ON CONFLICT DO NOTHING;
INSERT INTO "ChiTietThanhTichHocSinh" ("MaChiTietThanhTich", "MaLop", "MaHocSinh", "MaTieuChi", "MaTuan", "ThuTrongTuan", "MonHoc", "MaNguoiDungGhiNhan", "GhiChu") VALUES (49, 8, NULL, 103, 1, 6, 'Tin học', 18, 'Lớp học tốt') ON CONFLICT DO NOTHING;
INSERT INTO "ChiTietThanhTichHocSinh" ("MaChiTietThanhTich", "MaLop", "MaHocSinh", "MaTieuChi", "MaTuan", "ThuTrongTuan", "MonHoc", "MaNguoiDungGhiNhan", "GhiChu") VALUES (50, 8, NULL, 103, 1, 2, 'Tin học', 18, 'Lớp học tốt') ON CONFLICT DO NOTHING;
INSERT INTO "ChiTietThanhTichHocSinh" ("MaChiTietThanhTich", "MaLop", "MaHocSinh", "MaTieuChi", "MaTuan", "ThuTrongTuan", "MonHoc", "MaNguoiDungGhiNhan", "GhiChu") VALUES (51, 8, NULL, 103, 1, 3, 'Tin học', 18, 'Lớp học tốt') ON CONFLICT DO NOTHING;
INSERT INTO "ChiTietThanhTichHocSinh" ("MaChiTietThanhTich", "MaLop", "MaHocSinh", "MaTieuChi", "MaTuan", "ThuTrongTuan", "MonHoc", "MaNguoiDungGhiNhan", "GhiChu") VALUES (52, 8, NULL, 103, 1, 4, 'Tin học', 18, 'Lớp học tốt') ON CONFLICT DO NOTHING;
INSERT INTO "ChiTietThanhTichHocSinh" ("MaChiTietThanhTich", "MaLop", "MaHocSinh", "MaTieuChi", "MaTuan", "ThuTrongTuan", "MonHoc", "MaNguoiDungGhiNhan", "GhiChu") VALUES (53, 8, NULL, 103, 1, 5, 'Tin học', 18, 'Lớp học tốt') ON CONFLICT DO NOTHING;
INSERT INTO "ChiTietThanhTichHocSinh" ("MaChiTietThanhTich", "MaLop", "MaHocSinh", "MaTieuChi", "MaTuan", "ThuTrongTuan", "MonHoc", "MaNguoiDungGhiNhan", "GhiChu") VALUES (54, 8, NULL, 103, 1, 6, 'Tin học', 18, 'Lớp học tốt') ON CONFLICT DO NOTHING;
INSERT INTO "ChiTietThanhTichHocSinh" ("MaChiTietThanhTich", "MaLop", "MaHocSinh", "MaTieuChi", "MaTuan", "ThuTrongTuan", "MonHoc", "MaNguoiDungGhiNhan", "GhiChu") VALUES (55, 8, NULL, 103, 1, 2, 'Tin học', 18, 'Lớp học tốt') ON CONFLICT DO NOTHING;
INSERT INTO "ChiTietThanhTichHocSinh" ("MaChiTietThanhTich", "MaLop", "MaHocSinh", "MaTieuChi", "MaTuan", "ThuTrongTuan", "MonHoc", "MaNguoiDungGhiNhan", "GhiChu") VALUES (56, 9, NULL, 103, 1, 2, 'Địa lý', 21, 'Lớp học tốt') ON CONFLICT DO NOTHING;
INSERT INTO "ChiTietThanhTichHocSinh" ("MaChiTietThanhTich", "MaLop", "MaHocSinh", "MaTieuChi", "MaTuan", "ThuTrongTuan", "MonHoc", "MaNguoiDungGhiNhan", "GhiChu") VALUES (57, 9, NULL, 103, 1, 3, 'Địa lý', 21, 'Lớp học tốt') ON CONFLICT DO NOTHING;
INSERT INTO "ChiTietThanhTichHocSinh" ("MaChiTietThanhTich", "MaLop", "MaHocSinh", "MaTieuChi", "MaTuan", "ThuTrongTuan", "MonHoc", "MaNguoiDungGhiNhan", "GhiChu") VALUES (58, 9, NULL, 103, 1, 4, 'Địa lý', 21, 'Lớp học tốt') ON CONFLICT DO NOTHING;
INSERT INTO "ChiTietThanhTichHocSinh" ("MaChiTietThanhTich", "MaLop", "MaHocSinh", "MaTieuChi", "MaTuan", "ThuTrongTuan", "MonHoc", "MaNguoiDungGhiNhan", "GhiChu") VALUES (59, 9, NULL, 103, 1, 5, 'Địa lý', 21, 'Lớp học tốt') ON CONFLICT DO NOTHING;
INSERT INTO "ChiTietThanhTichHocSinh" ("MaChiTietThanhTich", "MaLop", "MaHocSinh", "MaTieuChi", "MaTuan", "ThuTrongTuan", "MonHoc", "MaNguoiDungGhiNhan", "GhiChu") VALUES (60, 9, NULL, 103, 1, 6, 'Địa lý', 21, 'Lớp học tốt') ON CONFLICT DO NOTHING;
INSERT INTO "ChiTietThanhTichHocSinh" ("MaChiTietThanhTich", "MaLop", "MaHocSinh", "MaTieuChi", "MaTuan", "ThuTrongTuan", "MonHoc", "MaNguoiDungGhiNhan", "GhiChu") VALUES (61, 9, NULL, 103, 1, 2, 'Địa lý', 21, 'Lớp học tốt') ON CONFLICT DO NOTHING;
INSERT INTO "ChiTietThanhTichHocSinh" ("MaChiTietThanhTich", "MaLop", "MaHocSinh", "MaTieuChi", "MaTuan", "ThuTrongTuan", "MonHoc", "MaNguoiDungGhiNhan", "GhiChu") VALUES (62, 9, NULL, 103, 1, 3, 'Địa lý', 21, 'Lớp học tốt') ON CONFLICT DO NOTHING;
INSERT INTO "ChiTietThanhTichHocSinh" ("MaChiTietThanhTich", "MaLop", "MaHocSinh", "MaTieuChi", "MaTuan", "ThuTrongTuan", "MonHoc", "MaNguoiDungGhiNhan", "GhiChu") VALUES (63, 9, NULL, 103, 1, 4, 'Địa lý', 21, 'Lớp học tốt') ON CONFLICT DO NOTHING;
INSERT INTO "ChiTietThanhTichHocSinh" ("MaChiTietThanhTich", "MaLop", "MaHocSinh", "MaTieuChi", "MaTuan", "ThuTrongTuan", "MonHoc", "MaNguoiDungGhiNhan", "GhiChu") VALUES (64, 9, NULL, 103, 1, 5, 'Địa lý', 21, 'Lớp học tốt') ON CONFLICT DO NOTHING;
INSERT INTO "ChiTietThanhTichHocSinh" ("MaChiTietThanhTich", "MaLop", "MaHocSinh", "MaTieuChi", "MaTuan", "ThuTrongTuan", "MonHoc", "MaNguoiDungGhiNhan", "GhiChu") VALUES (65, 9, NULL, 103, 1, 6, 'Địa lý', 21, 'Lớp học tốt') ON CONFLICT DO NOTHING;
INSERT INTO "ChiTietThanhTichHocSinh" ("MaChiTietThanhTich", "MaLop", "MaHocSinh", "MaTieuChi", "MaTuan", "ThuTrongTuan", "MonHoc", "MaNguoiDungGhiNhan", "GhiChu") VALUES (66, 9, NULL, 103, 1, 2, 'Địa lý', 21, 'Lớp học tốt') ON CONFLICT DO NOTHING;
INSERT INTO "ChiTietThanhTichHocSinh" ("MaChiTietThanhTich", "MaLop", "MaHocSinh", "MaTieuChi", "MaTuan", "ThuTrongTuan", "MonHoc", "MaNguoiDungGhiNhan", "GhiChu") VALUES (67, 9, NULL, 103, 1, 3, 'Địa lý', 21, 'Lớp học tốt') ON CONFLICT DO NOTHING;
INSERT INTO "ChiTietThanhTichHocSinh" ("MaChiTietThanhTich", "MaLop", "MaHocSinh", "MaTieuChi", "MaTuan", "ThuTrongTuan", "MonHoc", "MaNguoiDungGhiNhan", "GhiChu") VALUES (68, 9, NULL, 103, 1, 4, 'Địa lý', 21, 'Lớp học tốt') ON CONFLICT DO NOTHING;
INSERT INTO "ChiTietThanhTichHocSinh" ("MaChiTietThanhTich", "MaLop", "MaHocSinh", "MaTieuChi", "MaTuan", "ThuTrongTuan", "MonHoc", "MaNguoiDungGhiNhan", "GhiChu") VALUES (69, 9, NULL, 103, 1, 5, 'Địa lý', 21, 'Lớp học tốt') ON CONFLICT DO NOTHING;
INSERT INTO "ChiTietThanhTichHocSinh" ("MaChiTietThanhTich", "MaLop", "MaHocSinh", "MaTieuChi", "MaTuan", "ThuTrongTuan", "MonHoc", "MaNguoiDungGhiNhan", "GhiChu") VALUES (70, 9, NULL, 103, 1, 6, 'Địa lý', 21, 'Lớp học tốt') ON CONFLICT DO NOTHING;
INSERT INTO "ChiTietThanhTichHocSinh" ("MaChiTietThanhTich", "MaLop", "MaHocSinh", "MaTieuChi", "MaTuan", "ThuTrongTuan", "MonHoc", "MaNguoiDungGhiNhan", "GhiChu") VALUES (71, 9, NULL, 103, 1, 2, 'Địa lý', 21, 'Lớp học tốt') ON CONFLICT DO NOTHING;
INSERT INTO "ChiTietThanhTichHocSinh" ("MaChiTietThanhTich", "MaLop", "MaHocSinh", "MaTieuChi", "MaTuan", "ThuTrongTuan", "MonHoc", "MaNguoiDungGhiNhan", "GhiChu") VALUES (72, 9, NULL, 103, 1, 3, 'Địa lý', 21, 'Lớp học tốt') ON CONFLICT DO NOTHING;
INSERT INTO "ChiTietThanhTichHocSinh" ("MaChiTietThanhTich", "MaLop", "MaHocSinh", "MaTieuChi", "MaTuan", "ThuTrongTuan", "MonHoc", "MaNguoiDungGhiNhan", "GhiChu") VALUES (73, 9, NULL, 103, 1, 4, 'Địa lý', 21, 'Lớp học tốt') ON CONFLICT DO NOTHING;
INSERT INTO "ChiTietThanhTichHocSinh" ("MaChiTietThanhTich", "MaLop", "MaHocSinh", "MaTieuChi", "MaTuan", "ThuTrongTuan", "MonHoc", "MaNguoiDungGhiNhan", "GhiChu") VALUES (74, 9, NULL, 103, 1, 5, 'Địa lý', 21, 'Lớp học tốt') ON CONFLICT DO NOTHING;
INSERT INTO "ChiTietThanhTichHocSinh" ("MaChiTietThanhTich", "MaLop", "MaHocSinh", "MaTieuChi", "MaTuan", "ThuTrongTuan", "MonHoc", "MaNguoiDungGhiNhan", "GhiChu") VALUES (75, 9, NULL, 103, 1, 6, 'Địa lý', 21, 'Lớp học tốt') ON CONFLICT DO NOTHING;
INSERT INTO "ChiTietThanhTichHocSinh" ("MaChiTietThanhTich", "MaLop", "MaHocSinh", "MaTieuChi", "MaTuan", "ThuTrongTuan", "MonHoc", "MaNguoiDungGhiNhan", "GhiChu") VALUES (76, 9, NULL, 103, 1, 2, 'Địa lý', 21, 'Lớp học tốt') ON CONFLICT DO NOTHING;
INSERT INTO "ChiTietThanhTichHocSinh" ("MaChiTietThanhTich", "MaLop", "MaHocSinh", "MaTieuChi", "MaTuan", "ThuTrongTuan", "MonHoc", "MaNguoiDungGhiNhan", "GhiChu") VALUES (77, 9, NULL, 103, 1, 3, 'Địa lý', 21, 'Lớp học tốt') ON CONFLICT DO NOTHING;
INSERT INTO "ChiTietThanhTichHocSinh" ("MaChiTietThanhTich", "MaLop", "MaHocSinh", "MaTieuChi", "MaTuan", "ThuTrongTuan", "MonHoc", "MaNguoiDungGhiNhan", "GhiChu") VALUES (78, 9, NULL, 103, 1, 4, 'Địa lý', 21, 'Lớp học tốt') ON CONFLICT DO NOTHING;
INSERT INTO "ChiTietThanhTichHocSinh" ("MaChiTietThanhTich", "MaLop", "MaHocSinh", "MaTieuChi", "MaTuan", "ThuTrongTuan", "MonHoc", "MaNguoiDungGhiNhan", "GhiChu") VALUES (79, 9, NULL, 103, 1, 5, 'Địa lý', 21, 'Lớp học tốt') ON CONFLICT DO NOTHING;
INSERT INTO "ChiTietThanhTichHocSinh" ("MaChiTietThanhTich", "MaLop", "MaHocSinh", "MaTieuChi", "MaTuan", "ThuTrongTuan", "MonHoc", "MaNguoiDungGhiNhan", "GhiChu") VALUES (80, 9, NULL, 103, 1, 6, 'Địa lý', 21, 'Lớp học tốt') ON CONFLICT DO NOTHING;
INSERT INTO "ChiTietThanhTichHocSinh" ("MaChiTietThanhTich", "MaLop", "MaHocSinh", "MaTieuChi", "MaTuan", "ThuTrongTuan", "MonHoc", "MaNguoiDungGhiNhan", "GhiChu") VALUES (81, 9, NULL, 103, 1, 2, 'Địa lý', 21, 'Lớp học tốt') ON CONFLICT DO NOTHING;
INSERT INTO "ChiTietThanhTichHocSinh" ("MaChiTietThanhTich", "MaLop", "MaHocSinh", "MaTieuChi", "MaTuan", "ThuTrongTuan", "MonHoc", "MaNguoiDungGhiNhan", "GhiChu") VALUES (82, 9, NULL, 103, 1, 3, 'Địa lý', 21, 'Lớp học tốt') ON CONFLICT DO NOTHING;
INSERT INTO "ChiTietThanhTichHocSinh" ("MaChiTietThanhTich", "MaLop", "MaHocSinh", "MaTieuChi", "MaTuan", "ThuTrongTuan", "MonHoc", "MaNguoiDungGhiNhan", "GhiChu") VALUES (83, 10, NULL, 103, 1, 2, 'Sinh học', 24, 'Lớp học tốt') ON CONFLICT DO NOTHING;
INSERT INTO "ChiTietThanhTichHocSinh" ("MaChiTietThanhTich", "MaLop", "MaHocSinh", "MaTieuChi", "MaTuan", "ThuTrongTuan", "MonHoc", "MaNguoiDungGhiNhan", "GhiChu") VALUES (84, 10, NULL, 103, 1, 3, 'Sinh học', 24, 'Lớp học tốt') ON CONFLICT DO NOTHING;
INSERT INTO "ChiTietThanhTichHocSinh" ("MaChiTietThanhTich", "MaLop", "MaHocSinh", "MaTieuChi", "MaTuan", "ThuTrongTuan", "MonHoc", "MaNguoiDungGhiNhan", "GhiChu") VALUES (85, 10, NULL, 103, 1, 4, 'Sinh học', 24, 'Lớp học tốt') ON CONFLICT DO NOTHING;
INSERT INTO "ChiTietThanhTichHocSinh" ("MaChiTietThanhTich", "MaLop", "MaHocSinh", "MaTieuChi", "MaTuan", "ThuTrongTuan", "MonHoc", "MaNguoiDungGhiNhan", "GhiChu") VALUES (86, 10, NULL, 103, 1, 5, 'Sinh học', 24, 'Lớp học tốt') ON CONFLICT DO NOTHING;
INSERT INTO "ChiTietThanhTichHocSinh" ("MaChiTietThanhTich", "MaLop", "MaHocSinh", "MaTieuChi", "MaTuan", "ThuTrongTuan", "MonHoc", "MaNguoiDungGhiNhan", "GhiChu") VALUES (87, 10, NULL, 103, 1, 6, 'Sinh học', 24, 'Lớp học tốt') ON CONFLICT DO NOTHING;
INSERT INTO "ChiTietThanhTichHocSinh" ("MaChiTietThanhTich", "MaLop", "MaHocSinh", "MaTieuChi", "MaTuan", "ThuTrongTuan", "MonHoc", "MaNguoiDungGhiNhan", "GhiChu") VALUES (88, 10, NULL, 103, 1, 2, 'Sinh học', 24, 'Lớp học tốt') ON CONFLICT DO NOTHING;
INSERT INTO "ChiTietThanhTichHocSinh" ("MaChiTietThanhTich", "MaLop", "MaHocSinh", "MaTieuChi", "MaTuan", "ThuTrongTuan", "MonHoc", "MaNguoiDungGhiNhan", "GhiChu") VALUES (89, 10, NULL, 103, 1, 3, 'Sinh học', 24, 'Lớp học tốt') ON CONFLICT DO NOTHING;
INSERT INTO "ChiTietThanhTichHocSinh" ("MaChiTietThanhTich", "MaLop", "MaHocSinh", "MaTieuChi", "MaTuan", "ThuTrongTuan", "MonHoc", "MaNguoiDungGhiNhan", "GhiChu") VALUES (90, 10, NULL, 103, 1, 4, 'Sinh học', 24, 'Lớp học tốt') ON CONFLICT DO NOTHING;
INSERT INTO "ChiTietThanhTichHocSinh" ("MaChiTietThanhTich", "MaLop", "MaHocSinh", "MaTieuChi", "MaTuan", "ThuTrongTuan", "MonHoc", "MaNguoiDungGhiNhan", "GhiChu") VALUES (91, 10, NULL, 103, 1, 5, 'Sinh học', 24, 'Lớp học tốt') ON CONFLICT DO NOTHING;
INSERT INTO "ChiTietThanhTichHocSinh" ("MaChiTietThanhTich", "MaLop", "MaHocSinh", "MaTieuChi", "MaTuan", "ThuTrongTuan", "MonHoc", "MaNguoiDungGhiNhan", "GhiChu") VALUES (92, 10, NULL, 103, 1, 6, 'Sinh học', 24, 'Lớp học tốt') ON CONFLICT DO NOTHING;
INSERT INTO "ChiTietThanhTichHocSinh" ("MaChiTietThanhTich", "MaLop", "MaHocSinh", "MaTieuChi", "MaTuan", "ThuTrongTuan", "MonHoc", "MaNguoiDungGhiNhan", "GhiChu") VALUES (93, 10, NULL, 103, 1, 2, 'Sinh học', 24, 'Lớp học tốt') ON CONFLICT DO NOTHING;
INSERT INTO "ChiTietThanhTichHocSinh" ("MaChiTietThanhTich", "MaLop", "MaHocSinh", "MaTieuChi", "MaTuan", "ThuTrongTuan", "MonHoc", "MaNguoiDungGhiNhan", "GhiChu") VALUES (94, 10, NULL, 103, 1, 3, 'Sinh học', 24, 'Lớp học tốt') ON CONFLICT DO NOTHING;
INSERT INTO "ChiTietThanhTichHocSinh" ("MaChiTietThanhTich", "MaLop", "MaHocSinh", "MaTieuChi", "MaTuan", "ThuTrongTuan", "MonHoc", "MaNguoiDungGhiNhan", "GhiChu") VALUES (95, 10, NULL, 103, 1, 4, 'Sinh học', 24, 'Lớp học tốt') ON CONFLICT DO NOTHING;
INSERT INTO "ChiTietThanhTichHocSinh" ("MaChiTietThanhTich", "MaLop", "MaHocSinh", "MaTieuChi", "MaTuan", "ThuTrongTuan", "MonHoc", "MaNguoiDungGhiNhan", "GhiChu") VALUES (96, 10, NULL, 103, 1, 5, 'Sinh học', 24, 'Lớp học tốt') ON CONFLICT DO NOTHING;
INSERT INTO "ChiTietThanhTichHocSinh" ("MaChiTietThanhTich", "MaLop", "MaHocSinh", "MaTieuChi", "MaTuan", "ThuTrongTuan", "MonHoc", "MaNguoiDungGhiNhan", "GhiChu") VALUES (97, 10, NULL, 103, 1, 6, 'Sinh học', 24, 'Lớp học tốt') ON CONFLICT DO NOTHING;
INSERT INTO "ChiTietThanhTichHocSinh" ("MaChiTietThanhTich", "MaLop", "MaHocSinh", "MaTieuChi", "MaTuan", "ThuTrongTuan", "MonHoc", "MaNguoiDungGhiNhan", "GhiChu") VALUES (98, 10, NULL, 103, 1, 2, 'Sinh học', 24, 'Lớp học tốt') ON CONFLICT DO NOTHING;
INSERT INTO "ChiTietThanhTichHocSinh" ("MaChiTietThanhTich", "MaLop", "MaHocSinh", "MaTieuChi", "MaTuan", "ThuTrongTuan", "MonHoc", "MaNguoiDungGhiNhan", "GhiChu") VALUES (99, 10, NULL, 103, 1, 3, 'Sinh học', 24, 'Lớp học tốt') ON CONFLICT DO NOTHING;
INSERT INTO "ChiTietThanhTichHocSinh" ("MaChiTietThanhTich", "MaLop", "MaHocSinh", "MaTieuChi", "MaTuan", "ThuTrongTuan", "MonHoc", "MaNguoiDungGhiNhan", "GhiChu") VALUES (100, 10, NULL, 103, 1, 4, 'Sinh học', 24, 'Lớp học tốt') ON CONFLICT DO NOTHING;
INSERT INTO "ChiTietThanhTichHocSinh" ("MaChiTietThanhTich", "MaLop", "MaHocSinh", "MaTieuChi", "MaTuan", "ThuTrongTuan", "MonHoc", "MaNguoiDungGhiNhan", "GhiChu") VALUES (101, 10, NULL, 103, 1, 5, 'Sinh học', 24, 'Lớp học tốt') ON CONFLICT DO NOTHING;
INSERT INTO "ChiTietThanhTichHocSinh" ("MaChiTietThanhTich", "MaLop", "MaHocSinh", "MaTieuChi", "MaTuan", "ThuTrongTuan", "MonHoc", "MaNguoiDungGhiNhan", "GhiChu") VALUES (102, 10, 181, 102, 1, 2, 'Lịch sử', 24, 'Trả lời tốt') ON CONFLICT DO NOTHING;
INSERT INTO "ChiTietThanhTichHocSinh" ("MaChiTietThanhTich", "MaLop", "MaHocSinh", "MaTieuChi", "MaTuan", "ThuTrongTuan", "MonHoc", "MaNguoiDungGhiNhan", "GhiChu") VALUES (103, 10, 182, 102, 1, 3, 'Lịch sử', 24, 'Trả lời tốt') ON CONFLICT DO NOTHING;
INSERT INTO "ChiTietThanhTichHocSinh" ("MaChiTietThanhTich", "MaLop", "MaHocSinh", "MaTieuChi", "MaTuan", "ThuTrongTuan", "MonHoc", "MaNguoiDungGhiNhan", "GhiChu") VALUES (104, 10, 183, 102, 1, 4, 'Lịch sử', 24, 'Trả lời tốt') ON CONFLICT DO NOTHING;
INSERT INTO "ChiTietThanhTichHocSinh" ("MaChiTietThanhTich", "MaLop", "MaHocSinh", "MaTieuChi", "MaTuan", "ThuTrongTuan", "MonHoc", "MaNguoiDungGhiNhan", "GhiChu") VALUES (105, 10, 184, 102, 1, 5, 'Lịch sử', 24, 'Trả lời tốt') ON CONFLICT DO NOTHING;
INSERT INTO "ChiTietThanhTichHocSinh" ("MaChiTietThanhTich", "MaLop", "MaHocSinh", "MaTieuChi", "MaTuan", "ThuTrongTuan", "MonHoc", "MaNguoiDungGhiNhan", "GhiChu") VALUES (106, 10, 185, 102, 1, 6, 'Lịch sử', 24, 'Trả lời tốt') ON CONFLICT DO NOTHING;
INSERT INTO "ChiTietThanhTichHocSinh" ("MaChiTietThanhTich", "MaLop", "MaHocSinh", "MaTieuChi", "MaTuan", "ThuTrongTuan", "MonHoc", "MaNguoiDungGhiNhan", "GhiChu") VALUES (107, 10, 186, 102, 1, 2, 'Lịch sử', 24, 'Trả lời tốt') ON CONFLICT DO NOTHING;
INSERT INTO "ChiTietThanhTichHocSinh" ("MaChiTietThanhTich", "MaLop", "MaHocSinh", "MaTieuChi", "MaTuan", "ThuTrongTuan", "MonHoc", "MaNguoiDungGhiNhan", "GhiChu") VALUES (108, 10, 187, 102, 1, 3, 'Lịch sử', 24, 'Trả lời tốt') ON CONFLICT DO NOTHING;
INSERT INTO "ChiTietThanhTichHocSinh" ("MaChiTietThanhTich", "MaLop", "MaHocSinh", "MaTieuChi", "MaTuan", "ThuTrongTuan", "MonHoc", "MaNguoiDungGhiNhan", "GhiChu") VALUES (109, 10, 188, 102, 1, 4, 'Lịch sử', 24, 'Trả lời tốt') ON CONFLICT DO NOTHING;
INSERT INTO "ChiTietThanhTichHocSinh" ("MaChiTietThanhTich", "MaLop", "MaHocSinh", "MaTieuChi", "MaTuan", "ThuTrongTuan", "MonHoc", "MaNguoiDungGhiNhan", "GhiChu") VALUES (110, 10, 189, 102, 1, 5, 'Lịch sử', 24, 'Trả lời tốt') ON CONFLICT DO NOTHING;
INSERT INTO "ChiTietThanhTichHocSinh" ("MaChiTietThanhTich", "MaLop", "MaHocSinh", "MaTieuChi", "MaTuan", "ThuTrongTuan", "MonHoc", "MaNguoiDungGhiNhan", "GhiChu") VALUES (111, 10, 190, 102, 1, 6, 'Lịch sử', 24, 'Trả lời tốt') ON CONFLICT DO NOTHING;
INSERT INTO "ChiTietThanhTichHocSinh" ("MaChiTietThanhTich", "MaLop", "MaHocSinh", "MaTieuChi", "MaTuan", "ThuTrongTuan", "MonHoc", "MaNguoiDungGhiNhan", "GhiChu") VALUES (112, 11, NULL, 103, 1, 2, 'Tin học', 27, 'Lớp học tốt') ON CONFLICT DO NOTHING;
INSERT INTO "ChiTietThanhTichHocSinh" ("MaChiTietThanhTich", "MaLop", "MaHocSinh", "MaTieuChi", "MaTuan", "ThuTrongTuan", "MonHoc", "MaNguoiDungGhiNhan", "GhiChu") VALUES (113, 11, NULL, 103, 1, 3, 'Tin học', 27, 'Lớp học tốt') ON CONFLICT DO NOTHING;
INSERT INTO "ChiTietThanhTichHocSinh" ("MaChiTietThanhTich", "MaLop", "MaHocSinh", "MaTieuChi", "MaTuan", "ThuTrongTuan", "MonHoc", "MaNguoiDungGhiNhan", "GhiChu") VALUES (114, 11, NULL, 103, 1, 4, 'Tin học', 27, 'Lớp học tốt') ON CONFLICT DO NOTHING;
INSERT INTO "ChiTietThanhTichHocSinh" ("MaChiTietThanhTich", "MaLop", "MaHocSinh", "MaTieuChi", "MaTuan", "ThuTrongTuan", "MonHoc", "MaNguoiDungGhiNhan", "GhiChu") VALUES (115, 11, NULL, 103, 1, 5, 'Tin học', 27, 'Lớp học tốt') ON CONFLICT DO NOTHING;
INSERT INTO "ChiTietThanhTichHocSinh" ("MaChiTietThanhTich", "MaLop", "MaHocSinh", "MaTieuChi", "MaTuan", "ThuTrongTuan", "MonHoc", "MaNguoiDungGhiNhan", "GhiChu") VALUES (116, 11, NULL, 103, 1, 6, 'Tin học', 27, 'Lớp học tốt') ON CONFLICT DO NOTHING;
INSERT INTO "ChiTietThanhTichHocSinh" ("MaChiTietThanhTich", "MaLop", "MaHocSinh", "MaTieuChi", "MaTuan", "ThuTrongTuan", "MonHoc", "MaNguoiDungGhiNhan", "GhiChu") VALUES (117, 12, NULL, 103, 1, 2, 'Toán học', 30, 'Giờ học tốt xuất sắc') ON CONFLICT DO NOTHING;
INSERT INTO "ChiTietThanhTichHocSinh" ("MaChiTietThanhTich", "MaLop", "MaHocSinh", "MaTieuChi", "MaTuan", "ThuTrongTuan", "MonHoc", "MaNguoiDungGhiNhan", "GhiChu") VALUES (118, 12, NULL, 103, 1, 3, 'Toán học', 30, 'Giờ học tốt xuất sắc') ON CONFLICT DO NOTHING;
INSERT INTO "ChiTietThanhTichHocSinh" ("MaChiTietThanhTich", "MaLop", "MaHocSinh", "MaTieuChi", "MaTuan", "ThuTrongTuan", "MonHoc", "MaNguoiDungGhiNhan", "GhiChu") VALUES (119, 12, NULL, 103, 1, 4, 'Toán học', 30, 'Giờ học tốt xuất sắc') ON CONFLICT DO NOTHING;
INSERT INTO "ChiTietThanhTichHocSinh" ("MaChiTietThanhTich", "MaLop", "MaHocSinh", "MaTieuChi", "MaTuan", "ThuTrongTuan", "MonHoc", "MaNguoiDungGhiNhan", "GhiChu") VALUES (120, 12, NULL, 103, 1, 5, 'Toán học', 30, 'Giờ học tốt xuất sắc') ON CONFLICT DO NOTHING;
INSERT INTO "ChiTietThanhTichHocSinh" ("MaChiTietThanhTich", "MaLop", "MaHocSinh", "MaTieuChi", "MaTuan", "ThuTrongTuan", "MonHoc", "MaNguoiDungGhiNhan", "GhiChu") VALUES (121, 12, NULL, 103, 1, 6, 'Toán học', 30, 'Giờ học tốt xuất sắc') ON CONFLICT DO NOTHING;
INSERT INTO "ChiTietThanhTichHocSinh" ("MaChiTietThanhTich", "MaLop", "MaHocSinh", "MaTieuChi", "MaTuan", "ThuTrongTuan", "MonHoc", "MaNguoiDungGhiNhan", "GhiChu") VALUES (122, 12, NULL, 103, 1, 7, 'Toán học', 30, 'Giờ học tốt xuất sắc') ON CONFLICT DO NOTHING;
INSERT INTO "ChiTietThanhTichHocSinh" ("MaChiTietThanhTich", "MaLop", "MaHocSinh", "MaTieuChi", "MaTuan", "ThuTrongTuan", "MonHoc", "MaNguoiDungGhiNhan", "GhiChu") VALUES (123, 12, NULL, 103, 1, 2, 'Vật lý', 30, 'Phát biểu tích cực') ON CONFLICT DO NOTHING;
INSERT INTO "ChiTietThanhTichHocSinh" ("MaChiTietThanhTich", "MaLop", "MaHocSinh", "MaTieuChi", "MaTuan", "ThuTrongTuan", "MonHoc", "MaNguoiDungGhiNhan", "GhiChu") VALUES (124, 12, NULL, 103, 1, 3, 'Vật lý', 30, 'Phát biểu tích cực') ON CONFLICT DO NOTHING;
INSERT INTO "ChiTietThanhTichHocSinh" ("MaChiTietThanhTich", "MaLop", "MaHocSinh", "MaTieuChi", "MaTuan", "ThuTrongTuan", "MonHoc", "MaNguoiDungGhiNhan", "GhiChu") VALUES (125, 12, NULL, 103, 1, 4, 'Vật lý', 30, 'Phát biểu tích cực') ON CONFLICT DO NOTHING;
INSERT INTO "ChiTietThanhTichHocSinh" ("MaChiTietThanhTich", "MaLop", "MaHocSinh", "MaTieuChi", "MaTuan", "ThuTrongTuan", "MonHoc", "MaNguoiDungGhiNhan", "GhiChu") VALUES (126, 12, NULL, 103, 1, 5, 'Vật lý', 30, 'Phát biểu tích cực') ON CONFLICT DO NOTHING;
INSERT INTO "ChiTietThanhTichHocSinh" ("MaChiTietThanhTich", "MaLop", "MaHocSinh", "MaTieuChi", "MaTuan", "ThuTrongTuan", "MonHoc", "MaNguoiDungGhiNhan", "GhiChu") VALUES (127, 12, NULL, 103, 1, 6, 'Vật lý', 30, 'Phát biểu tích cực') ON CONFLICT DO NOTHING;
INSERT INTO "ChiTietThanhTichHocSinh" ("MaChiTietThanhTich", "MaLop", "MaHocSinh", "MaTieuChi", "MaTuan", "ThuTrongTuan", "MonHoc", "MaNguoiDungGhiNhan", "GhiChu") VALUES (128, 12, NULL, 103, 1, 2, 'Vật lý', 30, 'Phát biểu tích cực') ON CONFLICT DO NOTHING;
INSERT INTO "ChiTietThanhTichHocSinh" ("MaChiTietThanhTich", "MaLop", "MaHocSinh", "MaTieuChi", "MaTuan", "ThuTrongTuan", "MonHoc", "MaNguoiDungGhiNhan", "GhiChu") VALUES (129, 12, NULL, 103, 1, 3, 'Vật lý', 30, 'Phát biểu tích cực') ON CONFLICT DO NOTHING;
INSERT INTO "ChiTietThanhTichHocSinh" ("MaChiTietThanhTich", "MaLop", "MaHocSinh", "MaTieuChi", "MaTuan", "ThuTrongTuan", "MonHoc", "MaNguoiDungGhiNhan", "GhiChu") VALUES (130, 12, NULL, 103, 1, 4, 'Vật lý', 30, 'Phát biểu tích cực') ON CONFLICT DO NOTHING;
INSERT INTO "ChiTietThanhTichHocSinh" ("MaChiTietThanhTich", "MaLop", "MaHocSinh", "MaTieuChi", "MaTuan", "ThuTrongTuan", "MonHoc", "MaNguoiDungGhiNhan", "GhiChu") VALUES (131, 12, NULL, 103, 1, 5, 'Vật lý', 30, 'Phát biểu tích cực') ON CONFLICT DO NOTHING;
INSERT INTO "ChiTietThanhTichHocSinh" ("MaChiTietThanhTich", "MaLop", "MaHocSinh", "MaTieuChi", "MaTuan", "ThuTrongTuan", "MonHoc", "MaNguoiDungGhiNhan", "GhiChu") VALUES (132, 12, NULL, 103, 1, 6, 'Vật lý', 30, 'Phát biểu tích cực') ON CONFLICT DO NOTHING;
INSERT INTO "ChiTietThanhTichHocSinh" ("MaChiTietThanhTich", "MaLop", "MaHocSinh", "MaTieuChi", "MaTuan", "ThuTrongTuan", "MonHoc", "MaNguoiDungGhiNhan", "GhiChu") VALUES (133, 12, NULL, 103, 1, 2, 'Vật lý', 30, 'Phát biểu tích cực') ON CONFLICT DO NOTHING;
INSERT INTO "ChiTietThanhTichHocSinh" ("MaChiTietThanhTich", "MaLop", "MaHocSinh", "MaTieuChi", "MaTuan", "ThuTrongTuan", "MonHoc", "MaNguoiDungGhiNhan", "GhiChu") VALUES (134, 12, NULL, 103, 1, 3, 'Vật lý', 30, 'Phát biểu tích cực') ON CONFLICT DO NOTHING;
INSERT INTO "ChiTietThanhTichHocSinh" ("MaChiTietThanhTich", "MaLop", "MaHocSinh", "MaTieuChi", "MaTuan", "ThuTrongTuan", "MonHoc", "MaNguoiDungGhiNhan", "GhiChu") VALUES (135, 12, NULL, 103, 1, 4, 'Vật lý', 30, 'Phát biểu tích cực') ON CONFLICT DO NOTHING;
INSERT INTO "ChiTietThanhTichHocSinh" ("MaChiTietThanhTich", "MaLop", "MaHocSinh", "MaTieuChi", "MaTuan", "ThuTrongTuan", "MonHoc", "MaNguoiDungGhiNhan", "GhiChu") VALUES (136, 12, NULL, 103, 1, 5, 'Vật lý', 30, 'Phát biểu tích cực') ON CONFLICT DO NOTHING;
INSERT INTO "ChiTietThanhTichHocSinh" ("MaChiTietThanhTich", "MaLop", "MaHocSinh", "MaTieuChi", "MaTuan", "ThuTrongTuan", "MonHoc", "MaNguoiDungGhiNhan", "GhiChu") VALUES (137, 12, NULL, 103, 1, 6, 'Vật lý', 30, 'Phát biểu tích cực') ON CONFLICT DO NOTHING;
INSERT INTO "ChiTietThanhTichHocSinh" ("MaChiTietThanhTich", "MaLop", "MaHocSinh", "MaTieuChi", "MaTuan", "ThuTrongTuan", "MonHoc", "MaNguoiDungGhiNhan", "GhiChu") VALUES (138, 12, NULL, 103, 1, 2, 'Vật lý', 30, 'Phát biểu tích cực') ON CONFLICT DO NOTHING;
INSERT INTO "ChiTietThanhTichHocSinh" ("MaChiTietThanhTich", "MaLop", "MaHocSinh", "MaTieuChi", "MaTuan", "ThuTrongTuan", "MonHoc", "MaNguoiDungGhiNhan", "GhiChu") VALUES (139, 12, 221, 101, 1, 2, 'Hóa học', 30, 'Kiểm tra miệng đạt 10 điểm') ON CONFLICT DO NOTHING;
INSERT INTO "ChiTietThanhTichHocSinh" ("MaChiTietThanhTich", "MaLop", "MaHocSinh", "MaTieuChi", "MaTuan", "ThuTrongTuan", "MonHoc", "MaNguoiDungGhiNhan", "GhiChu") VALUES (140, 12, 222, 101, 1, 3, 'Hóa học', 30, 'Kiểm tra miệng đạt 10 điểm') ON CONFLICT DO NOTHING;
INSERT INTO "ChiTietThanhTichHocSinh" ("MaChiTietThanhTich", "MaLop", "MaHocSinh", "MaTieuChi", "MaTuan", "ThuTrongTuan", "MonHoc", "MaNguoiDungGhiNhan", "GhiChu") VALUES (141, 12, 223, 101, 1, 4, 'Hóa học', 30, 'Kiểm tra miệng đạt 10 điểm') ON CONFLICT DO NOTHING;
INSERT INTO "ChiTietThanhTichHocSinh" ("MaChiTietThanhTich", "MaLop", "MaHocSinh", "MaTieuChi", "MaTuan", "ThuTrongTuan", "MonHoc", "MaNguoiDungGhiNhan", "GhiChu") VALUES (142, 12, 224, 101, 1, 5, 'Hóa học', 30, 'Kiểm tra miệng đạt 10 điểm') ON CONFLICT DO NOTHING;
INSERT INTO "ChiTietThanhTichHocSinh" ("MaChiTietThanhTich", "MaLop", "MaHocSinh", "MaTieuChi", "MaTuan", "ThuTrongTuan", "MonHoc", "MaNguoiDungGhiNhan", "GhiChu") VALUES (143, 12, 225, 101, 1, 6, 'Hóa học', 30, 'Kiểm tra miệng đạt 10 điểm') ON CONFLICT DO NOTHING;
INSERT INTO "ChiTietThanhTichHocSinh" ("MaChiTietThanhTich", "MaLop", "MaHocSinh", "MaTieuChi", "MaTuan", "ThuTrongTuan", "MonHoc", "MaNguoiDungGhiNhan", "GhiChu") VALUES (144, 12, 226, 101, 1, 2, 'Hóa học', 30, 'Kiểm tra miệng đạt 10 điểm') ON CONFLICT DO NOTHING;
INSERT INTO "ChiTietThanhTichHocSinh" ("MaChiTietThanhTich", "MaLop", "MaHocSinh", "MaTieuChi", "MaTuan", "ThuTrongTuan", "MonHoc", "MaNguoiDungGhiNhan", "GhiChu") VALUES (145, 12, 227, 101, 1, 3, 'Hóa học', 30, 'Kiểm tra miệng đạt 10 điểm') ON CONFLICT DO NOTHING;
INSERT INTO "ChiTietThanhTichHocSinh" ("MaChiTietThanhTich", "MaLop", "MaHocSinh", "MaTieuChi", "MaTuan", "ThuTrongTuan", "MonHoc", "MaNguoiDungGhiNhan", "GhiChu") VALUES (146, 13, NULL, 103, 1, 2, 'Tin học', 33, 'Lớp học tốt') ON CONFLICT DO NOTHING;
INSERT INTO "ChiTietThanhTichHocSinh" ("MaChiTietThanhTich", "MaLop", "MaHocSinh", "MaTieuChi", "MaTuan", "ThuTrongTuan", "MonHoc", "MaNguoiDungGhiNhan", "GhiChu") VALUES (147, 13, NULL, 103, 1, 3, 'Tin học', 33, 'Lớp học tốt') ON CONFLICT DO NOTHING;
INSERT INTO "ChiTietThanhTichHocSinh" ("MaChiTietThanhTich", "MaLop", "MaHocSinh", "MaTieuChi", "MaTuan", "ThuTrongTuan", "MonHoc", "MaNguoiDungGhiNhan", "GhiChu") VALUES (148, 13, NULL, 103, 1, 4, 'Tin học', 33, 'Lớp học tốt') ON CONFLICT DO NOTHING;
INSERT INTO "ChiTietThanhTichHocSinh" ("MaChiTietThanhTich", "MaLop", "MaHocSinh", "MaTieuChi", "MaTuan", "ThuTrongTuan", "MonHoc", "MaNguoiDungGhiNhan", "GhiChu") VALUES (149, 13, NULL, 103, 1, 5, 'Tin học', 33, 'Lớp học tốt') ON CONFLICT DO NOTHING;
INSERT INTO "ChiTietThanhTichHocSinh" ("MaChiTietThanhTich", "MaLop", "MaHocSinh", "MaTieuChi", "MaTuan", "ThuTrongTuan", "MonHoc", "MaNguoiDungGhiNhan", "GhiChu") VALUES (150, 13, NULL, 103, 1, 6, 'Tin học', 33, 'Lớp học tốt') ON CONFLICT DO NOTHING;
INSERT INTO "ChiTietThanhTichHocSinh" ("MaChiTietThanhTich", "MaLop", "MaHocSinh", "MaTieuChi", "MaTuan", "ThuTrongTuan", "MonHoc", "MaNguoiDungGhiNhan", "GhiChu") VALUES (151, 13, NULL, 103, 1, 2, 'Tin học', 33, 'Lớp học tốt') ON CONFLICT DO NOTHING;
INSERT INTO "ChiTietThanhTichHocSinh" ("MaChiTietThanhTich", "MaLop", "MaHocSinh", "MaTieuChi", "MaTuan", "ThuTrongTuan", "MonHoc", "MaNguoiDungGhiNhan", "GhiChu") VALUES (152, 13, NULL, 103, 1, 3, 'Tin học', 33, 'Lớp học tốt') ON CONFLICT DO NOTHING;
INSERT INTO "ChiTietThanhTichHocSinh" ("MaChiTietThanhTich", "MaLop", "MaHocSinh", "MaTieuChi", "MaTuan", "ThuTrongTuan", "MonHoc", "MaNguoiDungGhiNhan", "GhiChu") VALUES (153, 13, NULL, 103, 1, 4, 'Tin học', 33, 'Lớp học tốt') ON CONFLICT DO NOTHING;

COMMIT;